,EOT_keywords,EOT_power_pump,EOT_reverse_effects,EOT_toughness_pump,ETB_static_check,add_replace_zones,add_static_zones,add_trigger_zones,applied_effects,attached_objs,attacking,base_power,base_toughness,blocked,blocking,choices,cmc,colors,controller,copying,damage_received,deathtouch_damage,dmg_dealt,exile_on_resolve,flash,indep,is_blocking_attacker,keyword_static_abils,last_known_info,legal_modes,lki_func,mana_source,mode_labels,moded,n_modes,name,next_turn_reverse_effects,nonkeyword_static_abils,object_name,orig_attribs,owner,potential_mana_values,power,prev_zone,print_name,protection_effects,rarity,remove_replace_zones,remove_static_zones,remove_trigger_zones,replace_effects,replace_points_added,requirements,selected_mode,subtypes,tapped,targets,toughness,trigger_points_added,triggered_abils,types,valid_costs,verbose,zone,zone_hash,zone_turn,activated_abils,potential_mana,activated_loyalty_abil,loyalty,starting_loyalty,attached_to,target_types
0,[],0.0,[],0.0,0.0,[],[],[],[],[],0.0,,,0.0,0.0,[],0.0,['C'],,,0.0,0.0,[],0.0,0.0,1.0,,[],,[],,1.0,[],0.0,1.0,Plains,[],[],Plains,{},,[{'W': 1}],,,Plains,[],basic land,[],[],[],[],0.0,[],,['Plains'],0.0,[],,0.0,[],"['basic', 'land']",[],,,,,,,,,,,
1,[],0.0,[],0.0,0.0,[],[],[],[],[],0.0,,,0.0,0.0,[],0.0,['C'],,,0.0,0.0,[],0.0,0.0,1.0,,[],,[],,1.0,[],0.0,1.0,Island,[],[],Island,{},,[{'U': 1}],,,Island,[],basic land,[],[],[],[],0.0,[],,['Island'],0.0,[],,0.0,[],"['basic', 'land']",[],,,,,,,,,,,
2,[],0.0,[],0.0,0.0,[],[],[],[],[],0.0,,,0.0,0.0,[],0.0,['C'],,,0.0,0.0,[],0.0,0.0,1.0,,[],,[],,1.0,[],0.0,1.0,Swamp,[],[],Swamp,{},,[{'B': 1}],,,Swamp,[],basic land,[],[],[],[],0.0,[],,['Swamp'],0.0,[],,0.0,[],"['basic', 'land']",[],,,,,,,,,,,
3,[],0.0,[],0.0,0.0,[],[],[],[],[],0.0,,,0.0,0.0,[],0.0,['C'],,,0.0,0.0,[],0.0,0.0,1.0,,[],,[],,1.0,[],0.0,1.0,Mountain,[],[],Mountain,{},,[{'R': 1}],,,Mountain,[],basic land,[],[],[],[],0.0,[],,['Mountain'],0.0,[],,0.0,[],"['basic', 'land']",[],,,,,,,,,,,
4,[],0.0,[],0.0,0.0,[],[],[],[],[],0.0,,,0.0,0.0,[],0.0,['C'],,,0.0,0.0,[],0.0,0.0,1.0,,[],,[],,1.0,[],0.0,1.0,Forest,[],[],Forest,{},,[{'G': 1}],,,Forest,[],basic land,[],[],[],[],0.0,[],,['Forest'],0.0,[],,0.0,[],"['basic', 'land']",[],,,,,,,,,,,
5,[],0.0,[],0.0,0.0,[],[],[],[],[],0.0,,,0.0,0.0,[],3.0,['W'],,,0.0,0.0,[],0.0,0.0,1.0,,[],,[],,0.0,[],0.0,1.0,Aerial Assault,[],[],Aerial_Assault,{},,[],,,Aerial Assault,[],common,[],[],[],[],0.0,[],,[],0.0,,,0.0,[],['sorcery'],[],,,,,[],[],,,,,
6,[],0.0,[],0.0,0.0,[],[],[],[],[],0.0,,,0.0,0.0,[],4.0,['W'],,,0.0,0.0,[],0.0,0.0,1.0,,[],,[],,0.0,[],0.0,1.0,"Ajani, Strength of the Pride",[],[],Ajani_SotP,{},,[],,,"Ajani, Strength of the Pride",[],mythic,[],[],[],[],0.0,[],,['ajani'],0.0,[],,0.0,[],"['legendary', 'planeswalker']",[],,,,,,[],0.0,5.0,5.0,,
7,[],0.0,[],0.0,0.0,[],[],['field'],[],[],0.0,,,0.0,0.0,[],2.0,['W'],,,0.0,0.0,[],0.0,0.0,1.0,,[],,[],,0.0,[],0.0,1.0,Ancestral Blade,[],[],Ancestral_Blade,{},,[],,,Ancestral Blade,[],uncommon,[],[],['field'],[],0.0,[],,['equipment'],0.0,[],,0.0,,['artifact'],[],,,,,,[],,,,,
8,[],0.0,[],0.0,0.0,['field'],['field'],[],[],[],0.0,2,2,0.0,0.0,[],3.0,['W'],,,0.0,0.0,[],0.0,0.0,1.0,,['flying'],,[],,0.0,[],0.0,1.0,Angel of Vitality,[],,Angel_of_Vitality,{},,[],2,,Angel of Vitality,[],uncommon,['field'],['field'],[],,0.0,[],,['angel'],0.0,[],2,0.0,[],['creature'],[],,,,,[],[],,,,,
9,[],0.0,[],0.0,0.0,[],[],['field'],[],[],0.0,,,0.0,0.0,[],2.0,['W'],,,0.0,0.0,[],0.0,0.0,1.0,,[],,[],,0.0,[],0.0,1.0,Angelic Gift,[],[],Angelic_Gift,{},,[],,,Angelic Gift,[],common,[],[],['field'],[],0.0,[],,['aura'],0.0,,,0.0,,['enchantment'],[],,,,,[],[],,,,,['creature']
10,[],0.0,[],0.0,0.0,[],[],[],[],[],0.0,2,1,0.0,0.0,[],2.0,['W'],,,0.0,0.0,[],0.0,0.0,1.0,,[],,[],,0.0,[],0.0,1.0,Apostle of Purifying Light,[],[],Apostle_of_Purifying_Light,{},,[],2,,Apostle of Purifying Light,,uncommon,[],[],[],[],0.0,[],,"['human', 'cleric']",0.0,[],1,0.0,[],['creature'],[],,,,,,[],,,,,
11,[],0.0,[],0.0,0.0,[],[],['field'],[],[],0.0,2,2,0.0,0.0,[],3.0,['W'],,,0.0,0.0,[],0.0,0.0,1.0,,[],,[],,0.0,[],0.0,1.0,Battalion Foot Soldier,[],[],Battalion_Foot_Soldier,{},,[],2,,Battalion Foot Soldier,[],common,[],[],['field'],[],0.0,[],,"['human', 'soldier']",0.0,[],2,0.0,,['creature'],[],,,,,[],[],,,,,
12,[],0.0,[],0.0,0.0,[],[],"['field', 'field']",[],[],0.0,1,4,0.0,0.0,[],2.0,['W'],,,0.0,0.0,[],0.0,0.0,1.0,,[],,[],,0.0,[],0.0,1.0,Bishop of Wings,[],[],Bishop_of_Wings,{},,[],1,,Bishop of Wings,[],rare,[],[],"['field', 'field']",[],0.0,[],,"['human', 'cleric']",0.0,[],4,0.0,,['creature'],[],,,,,[],[],,,,,
13,[],0.0,[],0.0,0.0,[],[],[],[],[],0.0,,,0.0,0.0,[],2.0,['W'],,,0.0,0.0,[],0.0,1.0,1.0,,[],,[],,0.0,[],0.0,1.0,Brought Back,[],[],Brought_Back,{},,[],,,Brought Back,[],rare,[],[],[],[],0.0,[],,[],0.0,,,0.0,[],['instant'],[],,,,,[],[],,,,,
14,[],0.0,[],0.0,0.0,[],[],"['field', 'field']",[],[],0.0,4,6,0.0,0.0,[],5.0,['W'],,,0.0,0.0,[],0.0,0.0,1.0,,['vigilance'],,[],,0.0,[],0.0,1.0,Cavalier of Dawn,[],[],Cavalier_of_Dawn,{},,[],4,,Cavalier of Dawn,[],mythic,[],[],"['field', 'field']",[],0.0,[],,"['elemental', 'knight']",0.0,[],6,0.0,,['creature'],[],,,,,[],[],,,,,
15,[],0.0,[],0.0,0.0,[],[],['field'],[],[],0.0,3,2,0.0,0.0,[],5.0,['W'],,,0.0,0.0,[],0.0,0.0,1.0,,['flying'],,[],,0.0,[],0.0,1.0,Dawning Angel,[],[],Dawning_Angel,{},,[],3,,Dawning Angel,[],common,[],[],['field'],[],0.0,[],,['angel'],0.0,[],2,0.0,,['creature'],[],,,,,[],[],,,,,
16,[],0.0,[],0.0,0.0,[],[],[],[],[],0.0,1,3,0.0,0.0,[],2.0,['W'],,,0.0,0.0,[],0.0,0.0,1.0,,['lifelink'],,[],,0.0,[],0.0,1.0,Daybreak Chaplin,[],[],Daybreak_Chaplin,{},,[],1,,Daybreak Chaplin,[],common,[],[],[],[],0.0,[],,"['human', 'cleric']",0.0,[],3,0.0,[],['creature'],[],,,,,[],[],,,,,
17,[],0.0,[],0.0,0.0,[],[],[],[],[],0.0,,,0.0,0.0,[],2.0,['W'],,,0.0,0.0,[],0.0,0.0,1.0,,[],,[],,0.0,[],0.0,1.0,Devout Decree,[],[],Devout_Decree,{},,[],,,Devout Decree,[],uncommon,[],[],[],[],0.0,[],,[],0.0,,,0.0,[],['sorcery'],[],,,,,[],[],,,,,
18,[],0.0,[],0.0,0.0,[],[],[],[],[],0.0,,,0.0,0.0,[],2.0,['W'],,,0.0,0.0,[],0.0,1.0,1.0,,[],,[],,0.0,[],0.0,1.0,Disenchant,[],[],Disenchant,{},,[],,,Disenchant,[],common,[],[],[],[],0.0,[],,[],0.0,,,0.0,[],['instant'],[],,,,,[],[],,,,,
19,[],0.0,[],0.0,0.0,[],[],[],[],[],0.0,,,0.0,0.0,[],2.0,['W'],,,0.0,0.0,[],0.0,0.0,1.0,,[],,[],,0.0,[],0.0,1.0,Eternal Isolation,[],[],Eternal_Isolation,{},,[],,,Eternal Isolation,[],uncommon,[],[],[],[],0.0,[],,[],0.0,,,0.0,[],['sorcery'],[],,,,,[],[],,,,,
20,[],0.0,[],0.0,0.0,[],[],[],[],[],0.0,1,1,0.0,0.0,[],2.0,['W'],,,0.0,0.0,[],0.0,0.0,1.0,,['double strike'],,[],,0.0,[],0.0,1.0,Fencing Ace,[],[],Fencing_Ace,{},,[],1,,Fencing Ace,[],uncommon,[],[],[],[],0.0,[],,"['human', 'soldier']",0.0,[],1,0.0,[],['creature'],[],,,,,[],[],,,,,
21,[],0.0,[],0.0,0.0,[],[],[],[],[],0.0,,,0.0,0.0,[],3.0,['W'],,,0.0,0.0,[],0.0,0.0,1.0,,[],,[],,0.0,[],0.0,1.0,Gauntlet of Light,[],[],Gauntlet_of_Light,{},,[],,,Gauntlet of Light,[],uncommon,[],[],[],[],0.0,[],,['aura'],0.0,,,0.0,[],['enchantment'],[],,,,,[],[],,,,,['creature']
22,[],0.0,[],0.0,0.0,[],[],['field'],[],[],0.0,,,0.0,0.0,[],1.0,['W'],,,0.0,0.0,[],0.0,0.0,1.0,,[],,[],,0.0,[],0.0,1.0,Glaring Aegis,[],[],Glaring_Aegis,{},,[],,,Glaring Aegis,[],common,[],[],['field'],[],0.0,[],,['aura'],0.0,,,0.0,,['enchantment'],[],,,,,[],[],,,,,['creature']
23,[],0.0,[],0.0,0.0,[],[],[],[],[],0.0,,,0.0,0.0,,1.0,['W'],,,0.0,0.0,[],0.0,1.0,1.0,,[],,[],,0.0,[],0.0,1.0,Gods Willing,[],[],Gods_Willing,{},,[],,,Gods Willing,[],uncommon,[],[],[],[],0.0,[],,[],0.0,,,0.0,[],['instant'],[],,,,,[],[],,,,,
24,[],0.0,[],0.0,0.0,[],[],['field'],[],[],0.0,2,3,0.0,0.0,[],4.0,['W'],,,0.0,0.0,[],0.0,0.0,1.0,,['flying'],,[],,0.0,[],0.0,1.0,Griffin Protector,[],[],Griffin_Protector,{},,[],2,,Griffin Protector,[],common,[],[],['field'],[],0.0,[],,['griffin'],0.0,[],3,0.0,,['creature'],[],,,,,[],[],,,,,
25,[],0.0,[],0.0,0.0,[],[],[],[],[],0.0,1,3,0.0,0.0,[],3.0,['W'],,,0.0,0.0,[],0.0,0.0,1.0,,"['flying', 'vigilance']",,[],,0.0,[],0.0,1.0,Griffin Sentinel,[],[],Griffin_Sentinel,{},,[],1,,Griffin Sentinel,[],common,[],[],[],[],0.0,[],,['griffin'],0.0,[],3,0.0,[],['creature'],[],,,,,[],[],,,,,
26,[],0.0,[],0.0,0.0,[],[],['field'],[],[],0.0,1,1,0.0,0.0,[],3.0,['W'],,,0.0,0.0,[],0.0,0.0,1.0,,['flying'],,[],,0.0,[],0.0,1.0,Hanged Executioner,[],[],Hanged_Executioner,{},,[],1,,Hanged Executioner,[],rare,[],[],['field'],[],0.0,[],,['spirit'],0.0,[],1,0.0,,['creature'],[],,,,,,[],,,,,
27,[],0.0,[],0.0,0.0,[],[],[],[],[],0.0,4,4,0.0,0.0,[],6.0,['W'],,,0.0,0.0,[],0.0,0.0,1.0,,['flying'],,[],,0.0,[],0.0,1.0,Herald of the Sun,[],[],Herald_of_the_Sun,{},,[],4,,Herald of the Sun,[],uncommon,[],[],[],[],0.0,[],,['angel'],0.0,[],4,0.0,[],['creature'],[],,,,,,[],,,,,
28,[],0.0,[],0.0,0.0,[],[],[],[],[],0.0,,,0.0,0.0,[],4.0,['W'],,,0.0,0.0,[],0.0,1.0,1.0,,[],,[],,0.0,[],0.0,1.0,Inspired Charge,[],[],Inspired_Charge,{},,[],,,Inspired Charge,[],common,[],[],[],[],0.0,[],,[],0.0,[],,0.0,[],['instant'],[],,,,,[],[],,,,,
29,[],0.0,[],0.0,0.0,[],[],['field'],[],[],0.0,3,3,0.0,0.0,[],4.0,['W'],,,0.0,0.0,[],0.0,0.0,1.0,,[],,[],,0.0,[],0.0,1.0,Inspiring Captain,[],[],Inspiring_Captain,{},,[],3,,Inspiring Captain,[],common,[],[],['field'],[],0.0,[],,"['human', 'knight']",0.0,[],3,0.0,,['creature'],[],,,,,[],[],,,,,
30,[],0.0,[],0.0,0.0,[],['field'],['hand'],[],[],0.0,,,0.0,0.0,[],4.0,['W'],,,0.0,0.0,[],0.0,0.0,1.0,,[],,[],,0.0,[],0.0,1.0,Leyline of Sanctity,[],,Leyline_of_Sanctity,{},,[],,,Leyline of Sanctity,[],rare,[],['field'],['hand'],[],0.0,[],,[],0.0,[],,0.0,,['enchantment'],[],,,,,[],[],,,,,
31,[],0.0,[],0.0,0.0,[],[],['field'],[],[],0.0,4,6,0.0,0.0,[],6.0,['W'],,,0.0,0.0,[],0.0,0.0,1.0,,[],,[],,0.0,[],0.0,1.0,Loxodon Lifechanter,[],[],Loxodon_Lifechanter,{},,[],4,,Loxodon Lifechanter,[],rare,[],[],['field'],[],0.0,[],,"['elephant', 'cleric']",0.0,[],6,0.0,,['creature'],[],,,,,,[],,,,,
32,[],0.0,[],0.0,0.0,[],[],[],[],[],0.0,2,1,0.0,0.0,[],1.0,['W'],,,0.0,0.0,[],0.0,0.0,1.0,,['no_atk_alone'],,[],,0.0,[],0.0,1.0,Loyal Pegasus,[],[],Loyal_Pegasus,{},,[],2,,Loyal Pegasus,[],common,[],[],[],[],0.0,[],,['pegasus'],0.0,[],1,0.0,[],['creature'],[],,,,,[],[],,,,,
33,[],0.0,[],0.0,0.0,[],['field'],['field'],[],[],0.0,1,1,0.0,0.0,[],4.0,['W'],,,0.0,0.0,[],0.0,0.0,1.0,,[],,[],,0.0,[],0.0,1.0,Master Splicer,[],,Master_Splicer,{},,[],1,,Master Splicer,[],uncommon,[],['field'],['field'],[],0.0,[],,"['human', 'artificer']",0.0,[],1,0.0,,['creature'],[],,,,,[],[],,,,,
34,[],0.0,[],0.0,0.0,[],[],[],[],[],0.0,,,0.0,0.0,[],2.0,['W'],,,0.0,0.0,[],0.0,1.0,1.0,,[],,[],,0.0,[],0.0,1.0,Moment of Heroism,[],[],Moment_of_Heroism,{},,[],,,Moment of Heroism,[],common,[],[],[],[],0.0,[],,[],0.0,,,0.0,[],['instant'],[],,,,,[],[],,,,,
35,[],0.0,[],0.0,0.0,[],[],[],[],[],0.0,2,2,0.0,0.0,[],2.0,['W'],,,0.0,0.0,[],0.0,0.0,1.0,,[],,[],,0.0,[],0.0,1.0,Moorland Inquisitor,[],[],Moorland_Inquisitor,{},,[],2,,Moorland Inquisitor,[],common,[],[],[],[],0.0,[],,"['human', 'soldier']",0.0,[],2,0.0,[],['creature'],[],,,,,,[],,,,,
36,[],0.0,[],0.0,0.0,[],[],[],[],[],0.0,,,0.0,0.0,[],2.0,['W'],,,0.0,0.0,[],0.0,0.0,1.0,,[],,[],,0.0,[],0.0,1.0,Pacifism,[],[],Pacifism,{},,[],,,Pacifism,[],common,[],[],[],[],0.0,[],,['aura'],0.0,,,0.0,[],['enchantment'],[],,,,,[],[],,,,,['creature']
37,[],0.0,[],0.0,0.0,[],[],[],[],[],0.0,,,0.0,0.0,[],6.0,['W'],,,0.0,0.0,[],0.0,0.0,1.0,,[],,[],,0.0,[],0.0,1.0,Planar Cleansing,[],[],Planar_Cleansing,{},,[],,,Planar Cleansing,[],rare,[],[],[],[],0.0,[],,[],0.0,[],,0.0,[],['sorcery'],[],,,,,[],[],,,,,
38,[],0.0,[],0.0,0.0,[],[],[],[],[],0.0,,,0.0,0.0,[],2.0,['W'],,,0.0,0.0,[],0.0,1.0,1.0,,[],,[],,0.0,[],0.0,1.0,Raise the Alarm,[],[],Raise_the_Alarm,{},,[],,,Raise the Alarm,[],common,[],[],[],[],0.0,[],,[],0.0,[],,0.0,[],['instant'],[],,,,,[],[],,,,,
39,[],0.0,[],0.0,0.0,[],['field'],[],[],[],0.0,,,0.0,0.0,[],3.0,['W'],,,0.0,0.0,[],0.0,0.0,1.0,,[],,[],,0.0,[],0.0,1.0,Rule of Law,[],,Rule_of_Law,{},,[],,,Rule of Law,[],uncommon,[],['field'],[],[],0.0,[],,[],0.0,[],,0.0,[],['enchantment'],[],,,,,[],[],,,,,
40,[],0.0,[],0.0,0.0,[],['field'],[],[],[],0.0,7,7,0.0,0.0,[],7.0,['W'],,,0.0,0.0,[],0.0,0.0,1.0,,"['flying', 'lifelink']",,[],,0.0,[],0.0,1.0,"Sephara, Sky's Blade",[],,Sephara_Skys_Blade,{},,[],7,,"Sephara, Sky's Blade",[],rare,[],['field'],[],[],0.0,[],,['angel'],0.0,[],7,0.0,[],"['legendary', 'creature']",[],,,,,[],[],,,,,
41,[],0.0,[],0.0,0.0,[],[],[],[],[],0.0,1,1,0.0,0.0,[],1.0,['W'],,,0.0,0.0,[],0.0,0.0,1.0,,[],,[],,0.0,[],0.0,1.0,Soulmender,[],[],Soulmender,{},,[],1,,Soulmender,[],common,[],[],[],[],0.0,[],,"['human', 'cleric']",0.0,[],1,0.0,[],['creature'],[],,,,,,[],,,,,
42,[],0.0,[],0.0,0.0,[],['field'],[],[],[],0.0,2,2,0.0,0.0,[],5.0,['W'],,,0.0,0.0,[],0.0,0.0,1.0,,['vigilance'],,[],,0.0,[],0.0,1.0,Squad Captain,[],,Squad_Captain,{},,[],2,,Squad Captain,[],common,[],['field'],[],[],0.0,[],,"['human', 'soldier']",0.0,[],2,0.0,[],['creature'],[],,,,,[],[],,,,,
43,[],0.0,[],0.0,0.0,[],['field'],['field'],[],[],0.0,2,2,0.0,0.0,[],2.0,['W'],,,0.0,0.0,[],0.0,0.0,1.0,,[],,[],,0.0,[],0.0,1.0,Starfield Mystic,[],,Starfield_Mystic,{},,[],2,,Starfield Mystic,[],rare,[],['field'],['field'],[],0.0,[],,"['human', 'cleric']",0.0,[],2,0.0,,['creature'],[],,,,,[],[],,,,,
44,[],0.0,[],0.0,0.0,[],[],['field'],[],[],0.0,3,2,0.0,0.0,[],3.0,['W'],,,0.0,0.0,[],0.0,0.0,1.0,,['vigilance'],,[],,0.0,[],0.0,1.0,Steadfast Sentry,[],[],Steadfast_Sentry,{},,[],3,,Steadfast Sentry,[],common,[],[],['field'],[],0.0,[],,"['human', 'soldier']",0.0,[],2,0.0,,['creature'],[],,,,,[],[],,,,,
45,[],0.0,[],0.0,0.0,[],[],[],[],[],0.0,0,4,0.0,0.0,[],1.0,['W'],,,0.0,0.0,[],0.0,0.0,1.0,,[],,[],,0.0,[],0.0,1.0,Yoked Ox,[],[],Yoked_Ox,{},,[],0,,Yoked Ox,[],common,[],[],[],[],0.0,[],,['ox'],0.0,[],4,0.0,[],['creature'],[],,,,,[],[],,,,,
46,[],0.0,[],0.0,0.0,[],[],[],[],[],0.0,,,0.0,0.0,[],2.0,['U'],,,0.0,0.0,[],0.0,1.0,1.0,,[],,[],,0.0,[],0.0,1.0,Aether Gust,[],[],Aether_Gust,{},,[],,,Aether Gust,[],uncommon,[],[],[],[],0.0,[],,[],0.0,,,0.0,[],['instant'],[],,,,,[],[],,,,,
47,[],0.0,[],0.0,0.0,[],[],"['field', 'field']",[],[],0.0,2,3,0.0,0.0,[],7.0,['U'],,,0.0,0.0,[],0.0,0.0,1.0,,[],,[],,0.0,[],0.0,1.0,Agent of Treachery,[],[],Agent_of_Treachery,{},,[],2,,Agent of Treachery,[],rare,[],[],"['field', 'field']",[],0.0,[],,"['human', 'rogue']",0.0,[],3,0.0,,['creature'],[],,,,,[],[],,,,,
48,[],0.0,[],0.0,0.0,[],[],[],[],[],0.0,4,4,0.0,0.0,[],5.0,['U'],,,0.0,0.0,[],0.0,0.0,1.0,,['flying'],,[],,0.0,[],0.0,1.0,Air Elemental,[],[],Air_Elemental,{},,[],4,,Air Elemental,[],uncommon,[],[],[],[],0.0,[],,['elemental'],0.0,[],4,0.0,[],['creature'],[],,,,,[],[],,,,,
49,[],0.0,[],0.0,0.0,[],[],[],[],[],0.0,,,0.0,0.0,[],2.0,['U'],,,0.0,0.0,[],0.0,1.0,1.0,,[],,[],,0.0,[],0.0,1.0,Anticipate,[],[],Anticipate,{},,[],,,Anticipate,[],common,[],[],[],[],0.0,[],,[],0.0,[],,0.0,[],['instant'],[],,,,,[],[],,,,,
50,[],0.0,[],0.0,0.0,[],[],['field'],[],[],0.0,4,5,0.0,0.0,[],6.0,['U'],,,0.0,0.0,[],0.0,0.0,1.0,,['flying'],,[],,0.0,[],0.0,1.0,"Atemis, All-Seeing",[],[],Atemis_All_Seeing,{},,[],4,,"Atemis, All-Seeing",[],rare,[],[],['field'],[],0.0,[],,['Sphinx'],0.0,[],5,0.0,,"['legendary', 'creature']",[],,,,,,[],,,,,
51,[],0.0,[],0.0,0.0,[],[],[],[],[],0.0,,,0.0,0.0,[],3.0,['U'],,,0.0,0.0,[],0.0,1.0,1.0,,[],,[],,0.0,[],0.0,1.0,Befuddle,[],[],Befuddle,{},,[],,,Befuddle,[],common,[],[],[],[],0.0,[],,[],0.0,,,0.0,[],['instant'],[],,,,,[],[],,,,,
52,[],0.0,[],0.0,0.0,[],[],[],[],[],0.0,,,0.0,0.0,[],4.0,['U'],,,0.0,0.0,[],0.0,1.0,1.0,,[],,[],,0.0,[],0.0,1.0,Bone to Ash,[],[],Bone_to_Ash,{},,[],,,Bone to Ash,[],common,[],[],[],[],0.0,[],,[],0.0,,,0.0,[],['instant'],[],,,,,[],[],,,,,
53,[],0.0,[],0.0,0.0,[],['field'],[],[],[],0.0,3,4,0.0,0.0,[],5.0,['U'],,,0.0,0.0,[],0.0,0.0,1.0,,['flying'],,[],,0.0,[],0.0,1.0,Boreal Elemental,[],,Boreal_Elemental,{},,[],3,,Boreal Elemental,[],common,[],['field'],[],[],0.0,[],,['elemental'],0.0,[],4,0.0,[],['creature'],[],,,,,[],[],,,,,
54,[],0.0,[],0.0,0.0,[],[],['field'],[],[],0.0,2,1,0.0,0.0,[],2.0,['U'],,,0.0,0.0,[],0.0,1.0,1.0,,['flash'],,[],,0.0,[],0.0,1.0,Brineborn Cutthroat,[],[],Brineborn_Cutthroat,{},,[],2,,Brineborn Cutthroat,[],uncommon,[],[],['field'],[],0.0,[],,['Merfolk Pirate'],0.0,[],1,0.0,,['creature'],[],,,,,[],[],,,,,
55,[],0.0,[],0.0,0.0,[],[],[],[],[],0.0,,,0.0,0.0,[],6.0,['U'],,,0.0,0.0,[],0.0,0.0,1.0,,[],,[],,0.0,[],0.0,1.0,Captivating Gyre,[],[],Captivating_Gyre,{},,[],,,Captivating Gyre,[],uncommon,[],[],[],[],0.0,[],,[],0.0,,,0.0,[],['sorcery'],[],,,,,[],[],,,,,
56,[],0.0,[],0.0,0.0,[],[],"['field', 'field']",[],[],0.0,5,5,0.0,0.0,[],5.0,['U'],,,0.0,0.0,[],0.0,0.0,1.0,,['flying'],,[],,0.0,[],0.0,1.0,Cavalier of Gales,[],[],Cavalier_of_Gales,{},,[],5,,Cavalier of Gales,[],mythic,[],[],"['field', 'field']",[],0.0,[],,"['elemental', 'knight']",0.0,[],5,0.0,,['creature'],[],,,,,[],[],,,,,
57,[],0.0,[],0.0,0.0,[],[],[],[],[],0.0,1,1,0.0,0.0,[],2.0,['U'],,,0.0,0.0,[],0.0,0.0,1.0,,[],,[],,0.0,[],0.0,1.0,Cerulean Drake,[],[],Cerulean_Drake,{},,[],1,,Cerulean Drake,,uncommon,[],[],[],[],0.0,[],,['drake'],0.0,[],1,0.0,[],['creature'],[],,,,,,[],,,,,
58,[],0.0,[],0.0,0.0,[],[],['field'],[],[],0.0,2,1,0.0,0.0,[],3.0,['U'],,,0.0,0.0,[],0.0,0.0,1.0,,['flying'],,[],,0.0,[],0.0,1.0,Cloudkin Seer,[],[],Cloudkin_Seer,{},,[],2,,Cloudkin Seer,[],common,[],[],['field'],[],0.0,[],,"['elemental', 'wizard']",0.0,[],1,0.0,,['creature'],[],,,,,[],[],,,,,
59,[],0.0,[],0.0,0.0,[],[],[],[],[],0.0,,,0.0,0.0,[],3.0,['U'],,,0.0,0.0,[],0.0,1.0,1.0,,[],,[],,0.0,[],0.0,1.0,Convolute,[],[],Convolute,{},,[],,,Convolute,[],common,[],[],[],[],0.0,[],,[],0.0,,,0.0,[],['instant'],[],,,,,[],[],,,,,
60,[],0.0,[],0.0,0.0,[],[],[],[],[],0.0,,,0.0,0.0,[],4.0,['U'],,,0.0,0.0,[],0.0,0.0,1.0,,[],,[],,0.0,[],0.0,1.0,Drawn from Dreams,[],[],Drawn_from_Dreams,{},,[],,,Drawn from Dreams,[],rare,[],[],[],[],0.0,[],,[],0.0,[],,0.0,[],['sorcery'],[],,,,,[],[],,,,,
61,[],0.0,[],0.0,0.0,[],['field'],['field'],[],[],0.0,3,3,0.0,0.0,[],4.0,['U'],,,0.0,0.0,[],0.0,0.0,1.0,,['flying'],,[],,0.0,[],0.0,1.0,Dungeon Geists,[],,Dungeon_Geists,{},,[],3,,Dungeon Geists,[],rare,[],['field'],['field'],[],0.0,[],,['sprit'],0.0,[],3,0.0,,['creature'],[],,,,,[],[],,,,,
62,[],0.0,[],0.0,0.0,[],[],['field'],[],[],0.0,1,1,0.0,0.0,[],1.0,['U'],,,0.0,0.0,[],0.0,0.0,1.0,,[],,[],,0.0,[],0.0,1.0,Faerie Miscreant,[],[],Faerie_Miscreant,{},,[],1,,Faerie Miscreant,[],common,[],[],['field'],[],0.0,[],,"['faerie', 'rogue']",0.0,[],1,0.0,,['creature'],[],,,,,[],[],,,,,
63,[],0.0,[],0.0,0.0,[],[],[],[],[],0.0,,,0.0,0.0,[],6.0,['U'],,,0.0,0.0,[],0.0,0.0,1.0,,[],,[],,0.0,[],0.0,1.0,Flood of Tears,[],[],Flood_of_Tears,{},,[],,,Flood of Tears,[],rare,[],[],[],[],0.0,[],,[],0.0,[],,0.0,[],['sorcery'],[],,,,,[],[],,,,,
64,[],0.0,[],0.0,0.0,[],[],[],[],[],0.0,1,6,0.0,0.0,[],4.0,['U'],,,0.0,0.0,[],0.0,0.0,1.0,,[],,[],,0.0,[],0.0,1.0,Fortress Crab,[],[],Fortress_Crab,{},,[],1,,Fortress Crab,[],common,[],[],[],[],0.0,[],,['crab'],0.0,[],6,0.0,[],['creature'],[],,,,,[],[],,,,,
65,[],0.0,[],0.0,0.0,[],[],[],[],[],0.0,4,6,0.0,0.0,[],6.0,['U'],,,0.0,0.0,[],0.0,0.0,1.0,,[],,[],,0.0,[],0.0,1.0,Frilled Sea Serpent,[],[],Frilled_Sea_Serpent,{},,[],4,,Frilled Sea Serpent,[],common,[],[],[],[],0.0,[],,['serpent'],0.0,[],6,0.0,[],['creature'],[],,,,,,[],,,,,
66,[],0.0,[],0.0,0.0,[],[],['field'],[],[],0.0,2,2,0.0,0.0,[],3.0,['U'],,,0.0,0.0,[],0.0,0.0,1.0,,[],,[],,0.0,[],0.0,1.0,Frost Lynx,[],[],Frost_Lynx,{},,[],2,,Frost Lynx,[],common,[],[],['field'],[],0.0,[],,"['elemental', 'cat']",0.0,[],2,0.0,,['creature'],[],,,,,[],[],,,,,
67,[],0.0,[],0.0,0.0,[],[],[],[],[],0.0,,,0.0,0.0,[],1.0,['U'],,,0.0,0.0,[],0.0,0.0,1.0,,[],,[],,0.0,[],0.0,1.0,Hard Cover,[],[],Hard_Cover,{},,[],,,Hard Cover,[],uncommon,[],[],[],[],0.0,[],,['aura'],0.0,,,0.0,[],['enchantment'],[],,,,,[],[],,,,,['creature']
68,[],0.0,[],0.0,0.0,[],['field'],['hand'],[],[],0.0,,,0.0,0.0,[],4.0,['U'],,,0.0,0.0,[],0.0,0.0,1.0,,[],,[],,0.0,[],0.0,1.0,Leyline of Anticipation,[],,Leyline_of_Anticipation,{},,[],,,Leyline of Anticipation,[],rare,[],['field'],['hand'],[],0.0,[],,[],0.0,[],,0.0,,['enchantment'],[],,,,,[],[],,,,,
69,[],0.0,[],0.0,0.0,[],[],[],[],[],0.0,,,0.0,0.0,[],6.0,['U'],,,0.0,0.0,[],0.0,1.0,1.0,,[],,[],,0.0,"['Create Golems', 'Copy Artifacts']",1.0,2.0,Masterful Replication,[],[],Masterful_Replication,{},,[],,,Masterful Replication,[],rare,[],[],[],[],0.0,[],,[],0.0,,,0.0,[],['instant'],[],,,,,[],[],,,,,
70,[],0.0,[],0.0,0.0,[],[],[],[],[],0.0,1,2,0.0,0.0,[],2.0,['U'],,,0.0,0.0,[],0.0,0.0,1.0,,['flying'],,[],,0.0,[],0.0,1.0,Metropolis Sprite,[],[],Metropolis_Sprite,{},,[],1,,Metropolis Sprite,[],common,[],[],[],[],0.0,[],,"['faerie', 'rogue']",0.0,[],2,0.0,[],['creature'],[],,,,,,[],,,,,
71,[],0.0,[],0.0,0.0,[],[],[],[],[],0.0,3,3,0.0,0.0,[],2.0,['U'],,,0.0,0.0,[],0.0,0.0,1.0,,['defender'],,[],,0.0,[],0.0,1.0,Moat Piranhas,[],[],Moat_Piranhas,{},,[],3,,Moat Piranhas,[],common,[],[],[],[],0.0,[],,['fish'],0.0,[],3,0.0,[],['creature'],[],,,,,[],[],,,,,
72,[],0.0,[],0.0,0.0,[],[],[],[],[],0.0,,,0.0,0.0,[],3.0,['U'],,,0.0,0.0,[],0.0,0.0,1.0,,[],,[],,0.0,[],0.0,1.0,"Mu Yanling, Sky Dancer",[],[],Mu_Yanling_Sky_Dancer,{},,[],,,"Mu Yanling, Sky Dancer",[],mythic,[],[],[],[],0.0,[],,['Yanling'],0.0,[],,0.0,[],"['legendary', 'planeswalker']",[],,,,,,[],0.0,2.0,2.0,,
73,[],0.0,[],0.0,0.0,[],[],[],[],[],0.0,,,0.0,0.0,[],2.0,['U'],,,0.0,0.0,[],0.0,1.0,1.0,,[],,[],,0.0,[],0.0,1.0,Negate,[],[],Negate,{},,[],,,Negate,[],common,[],[],[],[],0.0,[],,[],0.0,,,0.0,[],['instant'],[],,,,,[],[],,,,,
74,[],0.0,[],0.0,0.0,[],[],['field'],[],[],0.0,3,3,0.0,0.0,[],4.0,['U'],,,0.0,0.0,[],0.0,0.0,1.0,,[],,[],,0.0,[],0.0,1.0,Octoprophet,[],[],Octoprophet,{},,[],3,,Octoprophet,[],common,[],[],['field'],[],0.0,[],,['octopus'],0.0,[],3,0.0,,['creature'],[],,,,,[],[],,,,,
75,[],0.0,[],0.0,0.0,[],[],[],[],[],0.0,,,0.0,0.0,[],3.0,['U'],,,0.0,0.0,[],0.0,0.0,1.0,,[],,[],,0.0,[],0.0,1.0,Portal of Sanctuary,[],[],Portal_of_Sancutary,{},,[],,,Portal of Sanctuary,[],uncommon,[],[],[],[],0.0,[],,[],0.0,[],,0.0,[],['artifact'],[],,,,,,[],,,,,
76,[],0.0,[],0.0,0.0,[],[],[],[],[],0.0,1,3,0.0,0.0,[],2.0,['U'],,,0.0,0.0,[],0.0,0.0,1.0,,[],,[],,1.0,[],0.0,1.0,Renowned Weaponsmith,[],[],Renowned_Weaponsmith,{},,[{'C': 2}],1,,Renowned Weaponsmith,[],uncommon,[],[],[],[],0.0,[],,"['human', 'artificer']",0.0,[],3,0.0,[],['creature'],[],,,,,,,,,,,
77,[],0.0,[],0.0,0.0,[],[],['field'],[],[],0.0,2,3,0.0,0.0,[],3.0,['U'],,,0.0,0.0,[],0.0,0.0,1.0,,[],,[],,0.0,[],0.0,1.0,Sage's Row Denizen,[],[],Sages_Row_Denizen,{},,[],2,,Sage's Row Denizen,[],common,[],[],['field'],[],0.0,[],,"['vedalken', 'wizard']",0.0,[],3,0.0,,['creature'],[],,,,,[],[],,,,,
78,[],0.0,[],0.0,0.0,[],[],['field'],[],[],0.0,3,3,0.0,0.0,[],7.0,['U'],,,0.0,0.0,[],0.0,0.0,1.0,,[],,[],,0.0,[],0.0,1.0,Scholar of the Ages,[],[],Scholar_of_the_Ages,{},,[],3,,Scholar of the Ages,[],uncommon,[],[],['field'],[],0.0,[],,"['human', 'wizard']",0.0,[],3,0.0,,['creature'],[],,,,,[],[],,,,,
79,[],0.0,[],0.0,0.0,[],[],['field'],[],[],0.0,,,0.0,0.0,[],4.0,['U'],,,0.0,0.0,[],0.0,0.0,1.0,,[],,[],,0.0,[],0.0,1.0,Sleep Paralysis,[],[],Sleep_Paralysis,{},,[],,,Sleep Paralysis,[],common,[],[],['field'],[],0.0,[],,['aura'],0.0,,,0.0,,['enchantment'],[],,,,,[],[],,,,,['creature']
80,[],0.0,[],0.0,0.0,[],[],[],[],[],0.0,1,1,0.0,0.0,[],1.0,['U'],,,0.0,0.0,[],0.0,0.0,1.0,,['flying'],,[],,0.0,[],0.0,1.0,Spectral Sailor,[],[],Spectral_Sailor,{},,[],1,,Spectral Sailor,[],uncommon,[],[],[],[],0.0,[],,"['spirit', 'pirate']",0.0,[],1,0.0,[],['creature'],[],,,,,,[],,,,,
81,[],0.0,[],0.0,0.0,[],[],[],[],[],0.0,,,0.0,0.0,[],2.0,['U'],,,0.0,0.0,[],0.0,1.0,1.0,,[],,[],,0.0,[],0.0,1.0,Tale's End,[],[],Tales_End,{},,[],,,Tale's End,[],rare,[],[],[],[],0.0,[],,[],0.0,,,0.0,[],['instant'],[],,,,,[],[],,,,,
82,[],0.0,[],0.0,0.0,[],[],[],[],[],0.0,,,0.0,0.0,[],1.0,['U'],,,0.0,0.0,[],0.0,1.0,1.0,,[],,[],,0.0,[],0.0,1.0,Unsummon,[],[],Unsummon,{},,[],,,Unsummon,[],common,[],[],[],[],0.0,[],,[],0.0,,,0.0,[],['instant'],[],,,,,[],[],,,,,
83,[],0.0,[],0.0,0.0,[],['field'],[],[],[],0.0,2,2,0.0,0.0,[],3.0,['U'],,,0.0,0.0,[],0.0,0.0,1.0,,['flying'],,[],,0.0,[],0.0,1.0,Warden of Evos Isle,[],,Warden_of_Evos_Isle,{},,[],2,,Warden of Evos Isle,[],uncommon,[],['field'],[],[],0.0,[],,"['bird', 'wizard']",0.0,[],2,0.0,[],['creature'],[],,,,,[],[],,,,,
84,[],0.0,[],0.0,0.0,[],[],[],[],[],0.0,,,0.0,0.0,[],3.0,['U'],,,0.0,0.0,[],0.0,0.0,1.0,,[],,[],,0.0,[],0.0,1.0,Winged Words,[],[],Winged_Words,{},,[],,,Winged Words,[],common,[],[],[],[],0.0,[],,[],0.0,[],,0.0,[],['sorcery'],[],,,,,[],[],,,,,
85,[],0.0,[],0.0,0.0,[],[],['field'],[],[],0.0,4,4,0.0,0.0,[],4.0,['U'],,,0.0,0.0,[],0.0,0.0,1.0,,[],,[],,0.0,[],0.0,1.0,Yarok's Wavecrasher,[],[],Yaroks_Wavecrasher,{},,[],4,,Yarok's Wavecrasher,[],uncommon,[],[],['field'],[],0.0,[],,['elemental'],0.0,[],4,0.0,,['creature'],[],,,,,[],[],,,,,
86,[],0.0,[],0.0,0.0,[],[],[],[],[],0.0,,,0.0,0.0,[],2.0,['U'],,,0.0,0.0,[],0.0,0.0,1.0,,[],,[],,0.0,[],0.0,1.0,Zephyr Charge,[],[],Zephyr_Charge,{},,[],,,Zephyr Charge,[],common,[],[],[],[],0.0,[],,[],0.0,[],,0.0,[],['enchantment'],[],,,,,,[],,,,,
87,[],0.0,[],0.0,0.0,[],[],[],[],[],0.0,,,0.0,0.0,[],4.0,['B'],,,0.0,0.0,[],0.0,0.0,1.0,,[],,[],,0.0,[],0.0,1.0,Agonizing Syphon,[],[],Agonizing_Syphon,{},,[],,,Agonizing Syphon,[],common,[],[],[],[],0.0,[],,[],0.0,,,0.0,[],['sorcery'],[],,,,,[],[],,,,,
88,[],0.0,[],0.0,0.0,[],[],['field'],[],[],0.0,2,2,0.0,0.0,[],3.0,['B'],,,0.0,0.0,[],0.0,0.0,1.0,,[],,[],,0.0,[],0.0,1.0,Audacious Thief,[],[],Audacious_Thief,{},,[],2,,Audacious Thief,[],common,[],[],['field'],[],0.0,[],,"['human', 'rogue']",0.0,[],2,0.0,,['creature'],[],,,,,[],[],,,,,
89,[],0.0,[],0.0,0.0,[],[],[],[],[],0.0,3,2,0.0,0.0,[],3.0,['B'],,,0.0,0.0,[],0.0,0.0,1.0,,[],,[],,0.0,[],0.0,1.0,Barony Vampire,[],[],Barony_Vampire,{},,[],3,,Barony Vampire,[],common,[],[],[],[],0.0,[],,['vampire'],0.0,[],2,0.0,[],['creature'],[],,,,,[],[],,,,,
90,[],0.0,[],0.0,0.0,[],[],[],[],[],0.0,,,0.0,0.0,[],2.0,['B'],,,0.0,0.0,[],0.0,1.0,1.0,,[],,[],,0.0,[],0.0,1.0,Bladebrand,[],[],Bladebrand,{},,[],,,Bladebrand,[],common,[],[],[],[],0.0,[],,[],0.0,,,0.0,[],['instant'],[],,,,,[],[],,,,,
91,[],0.0,[],0.0,0.0,[],['field'],[],[],[],0.0,1,1,0.0,0.0,[],2.0,['B'],,,0.0,0.0,[],0.0,0.0,1.0,,[],,[],,0.0,[],0.0,1.0,Blightbeetle,[],,Blightbeetle,{},,[],1,,Blightbeetle,,uncommon,[],['field'],[],[],0.0,[],,['insect'],0.0,[],1,0.0,[],['creature'],[],,,,,[],[],,,,,
92,[],0.0,[],0.0,0.0,[],['field'],[],[],[],0.0,2,2,0.0,0.0,[],2.0,['B'],,,0.0,0.0,[],0.0,0.0,1.0,,[],,[],,0.0,[],0.0,1.0,Blood Burglar,[],,Blood_Burglar,{},,[],2,,Blood Burglar,[],common,[],['field'],[],[],0.0,[],,['vampire'],0.0,[],2,0.0,[],['creature'],[],,,,,[],[],,,,,
93,[],0.0,[],0.0,0.0,[],[],[],[],[],0.0,,,0.0,0.0,[],4.0,['B'],,,0.0,0.0,[],0.0,0.0,1.0,,[],,[],,0.0,[],0.0,1.0,Blood for Bones,[],[],Blood_for_Bones,{},,[],,,Blood for Bones,[],uncommon,[],[],[],[],0.0,[],,[],0.0,[],,0.0,[],['sorcery'],[],,,,,[],[],,,,,
94,[],0.0,[],0.0,0.0,[],[],[],[],[],0.0,,,0.0,0.0,[],6.0,['B'],,,0.0,0.0,[],0.0,0.0,1.0,,[],,[],,0.0,[],0.0,1.0,Bloodsoaked Altar,[],[],Bloodsoaked_Altar,{},,[],,,Bloodsoaked Altar,[],uncommon,[],[],[],[],0.0,[],,[],0.0,[],,0.0,[],['artifact'],[],,,,,,[],,,,,
95,[],0.0,[],0.0,0.0,[],[],['field'],[],[],0.0,2,3,0.0,0.0,[],3.0,['B'],,,0.0,0.0,[],0.0,0.0,1.0,,['flying'],,[],,0.0,[],0.0,1.0,Bloodthirsty Aerialist,[],[],Bloodthirsty_Aerialist,{},,[],2,,Bloodthirsty Aerialist,[],uncommon,[],[],['field'],[],0.0,[],,"['vampire', 'rogue']",0.0,[],3,0.0,,['creature'],[],,,,,[],[],,,,,
96,[],0.0,[],0.0,0.0,[],[],[],[],[],0.0,,,0.0,0.0,[],1.0,['B'],,,0.0,0.0,[],0.0,0.0,1.0,,[],,[],,0.0,[],0.0,1.0,Bone Splinters,[],[],Bone_Splinters,{},,[],,,Bone Splinters,[],common,[],[],[],[],0.0,[],,[],0.0,,,0.0,[],['sorcery'],[],,,,,[],[],,,,,
97,[],0.0,[],0.0,0.0,[],[],['field'],[],[],0.0,3,3,0.0,0.0,[],5.0,['B'],,,0.0,0.0,[],0.0,0.0,1.0,,[],,[],,0.0,[],0.0,1.0,Boneclad Necromancer,[],[],Boneclad_Necromancer,{},,[],3,,Boneclad Necromancer,[],common,[],[],['field'],[],0.0,[],,"['human', 'wizard']",0.0,[],3,0.0,,['creature'],[],,,,,[],[],,,,,
98,[],0.0,[],0.0,0.0,[],[],"['field', 'field']",[],[],0.0,4,5,0.0,0.0,[],5.0,['B'],,,0.0,0.0,[],0.0,0.0,1.0,,['lifelink'],,[],,0.0,[],0.0,1.0,Cavalier of Night,[],[],Cavalier_of_Night,{},,[],4,,Cavalier of Night,[],mythic,[],[],"['field', 'field']",[],0.0,[],,"['elemental', 'knight']",0.0,[],5,0.0,,['creature'],[],,,,,[],[],,,,,
99,[],0.0,[],0.0,0.0,[],[],[],[],[],0.0,,,0.0,0.0,[],1.0,['B'],,,0.0,0.0,[],0.0,1.0,1.0,,[],,[],,0.0,[],0.0,1.0,Disfigure,[],[],Disfigure,{},,[],,,Disfigure,[],common,[],[],[],[],0.0,[],,[],0.0,,,0.0,[],['instant'],[],,,,,[],[],,,,,
100,[],0.0,[],0.0,0.0,[],[],['field'],[],[],0.0,3,3,0.0,0.0,[],4.0,['B'],,,0.0,0.0,[],0.0,0.0,1.0,,[],,[],,0.0,[],0.0,1.0,Dread Presence,[],[],Dread_Presence,{},,[],3,,Dread Presence,[],rare,[],[],['field'],[],0.0,[],,['nightmare'],0.0,[],3,0.0,,['creature'],[],,,,,[],[],,,,,
101,[],0.0,[],0.0,0.0,[],[],[],[],[],0.0,,,0.0,0.0,[],1.0,['B'],,,0.0,0.0,[],0.0,0.0,1.0,,[],,[],,0.0,[],0.0,1.0,Duress,[],[],Duress,{},,[],,,Duress,[],common,[],[],[],[],0.0,[],,[],0.0,,,0.0,[],['sorcery'],[],,,,,[],[],,,,,
102,[],0.0,[],0.0,0.0,[],['field'],[],[],[],0.0,0,0,0.0,0.0,[],3.0,['B'],,,0.0,0.0,[],0.0,0.0,1.0,,"['flying', 'deathtouch']",,[],,0.0,[],0.0,1.0,Embodiment of Agonies,[],,Embodiment_of_Agonies,{},,[],0,,Embodiment of Agonies,[],rare,[],['field'],[],[],0.0,[],,['demon'],0.0,[],0,0.0,[],['creature'],[],,,,,[],[],,,,,
103,[],0.0,[],0.0,0.0,[],[],['field'],[],[],0.0,4,4,0.0,0.0,[],5.0,['B'],,,0.0,0.0,[],0.0,0.0,1.0,,[],,[],,0.0,[],0.0,1.0,Epicure of Blood,[],[],Epicure_of_Blood,{},,[],4,,Epicure of Blood,[],common,[],[],['field'],[],0.0,[],,['vampire'],0.0,[],4,0.0,,['creature'],[],,,,,[],[],,,,,
104,[],0.0,[],0.0,0.0,[],[],['field'],[],[],0.0,3,3,0.0,0.0,[],4.0,['B'],,,0.0,0.0,[],0.0,0.0,1.0,,[],,[],,0.0,[],0.0,1.0,Fathom Fleet Cutthroat,[],[],Fathom_Fleet_Cutthroat,{},,[],3,,Fathom Fleet Cutthroat,[],common,[],[],['field'],[],0.0,[],,"['human', 'pirate']",0.0,[],3,0.0,,['creature'],[],,,,,[],[],,,,,
105,[],0.0,[],0.0,0.0,[],[],[],[],[],0.0,5,5,0.0,0.0,[],6.0,['B'],,,0.0,0.0,[],0.0,0.0,1.0,,['deathtouch'],,[],,0.0,[],0.0,1.0,Feral Abomination,[],[],Feral_Abomination,{},,[],5,,Feral Abomination,[],common,[],[],[],[],0.0,[],,['thrull'],0.0,[],5,0.0,[],['creature'],[],,,,,[],[],,,,,
106,[],0.0,[],0.0,0.0,[],[],['field'],[],[],0.0,2,2,0.0,0.0,[],3.0,['B'],,,0.0,0.0,[],0.0,0.0,1.0,,['flying'],,[],,0.0,[],0.0,1.0,Gorging Vulture,[],[],Gorging_Vulture,{},,[],2,,Gorging Vulture,[],common,[],[],['field'],[],0.0,[],,['bird'],0.0,[],2,0.0,,['creature'],[],,,,,[],[],,,,,
107,[],0.0,[],0.0,0.0,[],[],['field'],[],[],0.0,2,2,0.0,0.0,[],4.0,['B'],,,0.0,0.0,[],0.0,0.0,1.0,,[],,[],,0.0,[],0.0,1.0,Gravedigger,[],[],Gravedigger,{},,[],2,,Gravedigger,[],common,[],[],['field'],[],0.0,[],,['zombie'],0.0,[],2,0.0,,['creature'],[],,,,,[],[],,,,,
108,[],0.0,[],0.0,0.0,[],[],['field'],[],[],0.0,3,3,0.0,0.0,[],5.0,['B'],,,0.0,0.0,[],0.0,0.0,1.0,,[],,[],,0.0,[],0.0,1.0,Gruesome Scourger,[],[],Gruesome_Scourger,{},,[],3,,Gruesome Scourger,[],uncommon,[],[],['field'],[],0.0,[],,"['orc', 'warrior']",0.0,[],3,0.0,,['creature'],[],,,,,[],[],,,,,
109,[],0.0,[],0.0,0.0,[],[],['field'],[],[],0.0,1,2,0.0,0.0,[],1.0,['B'],,,0.0,0.0,[],0.0,0.0,1.0,,[],,[],,0.0,[],0.0,1.0,Knight of the Ebon Legion,[],[],Knight_of_the_Ebon_Legion,{},,[],1,,Knight of the Ebon Legion,[],rare,[],[],['field'],[],0.0,[],,"['knight', 'vampire']",0.0,[],2,0.0,,['creature'],[],,,,,,[],,,,,
110,[],0.0,[],0.0,0.0,[],[],[],[],[],0.0,,,0.0,0.0,[],2.0,['B'],,,0.0,0.0,[],0.0,0.0,1.0,,[],,[],,0.0,[],0.0,1.0,Legion's End,[],[],Legions_End,{},,[],,,Legion's End,[],rare,[],[],[],[],0.0,[],,[],0.0,,,0.0,[],['sorcery'],[],,,,,[],[],,,,,
111,[],0.0,[],0.0,0.0,['field'],[],['hand'],[],[],0.0,,,0.0,0.0,[],4.0,['B'],,,0.0,0.0,[],0.0,0.0,1.0,,[],,[],,0.0,[],0.0,1.0,Leyline of the Void,[],,Leyline_of_the_Void,{},,[],,,Leyline of the Void,[],rare,['field'],[],['hand'],[],0.0,[],,[],0.0,[],,0.0,,['enchantment'],[],,,,,[],[],,,,,
112,[],0.0,[],0.0,0.0,[],[],[],[],[],0.0,,,0.0,0.0,[],3.0,['B'],,,0.0,0.0,[],0.0,0.0,1.0,,[],,[],,0.0,[],0.0,1.0,Mind Rot,[],[],Mind_Rot,{},,[],,,Mind Rot,[],common,[],[],[],[],0.0,[],,[],0.0,,,0.0,[],['sorcery'],[],,,,,[],[],,,,,
113,[],0.0,[],0.0,0.0,[],[],[],[],[],0.0,,,0.0,0.0,[],3.0,['B'],,,0.0,0.0,[],0.0,1.0,1.0,,[],,[],,0.0,[],0.0,1.0,Murder,[],[],Murder,{},,[],,,Murder,[],common,[],[],[],[],0.0,[],,[],0.0,,,0.0,[],['instant'],[],,,,,[],[],,,,,
114,[],0.0,[],0.0,0.0,[],[],[],[],[],0.0,,,0.0,0.0,[],2.0,['B'],,,0.0,0.0,[],0.0,1.0,1.0,,[],,[],,0.0,[],0.0,1.0,Noxious Grasp,[],[],Noxious_Grasp,{},,[],,,Noxious Grasp,[],uncommon,[],[],[],[],0.0,[],,[],0.0,,,0.0,[],['instant'],[],,,,,[],[],,,,,
115,[],0.0,[],0.0,0.0,[],[],['field'],[],[],0.0,7,6,0.0,0.0,[],3.0,['B'],,,0.0,0.0,[],0.0,0.0,1.0,,[],,[],,0.0,[],0.0,1.0,Rotting Regisaur,[],[],Rotting_Regisaur,{},,[],7,,Rotting Regisaur,[],rare,[],[],['field'],[],0.0,[],,"['zombie', 'dinosaur']",0.0,[],6,0.0,,['creature'],[],,,,,[],[],,,,,
116,[],0.0,[],0.0,0.0,[],[],[],[],[],0.0,1,2,0.0,0.0,[],1.0,['B'],,,0.0,0.0,[],0.0,0.0,1.0,,[],,[],,0.0,[],0.0,1.0,Sanitarium Skeleton,[],[],Sanitarium_Skeleton,{},,[],1,,Sanitarium Skeleton,[],common,[],[],[],[],0.0,[],,['skeleton'],0.0,[],2,0.0,[],['creature'],[],,,,,,[],,,,,
117,[],0.0,[],0.0,0.0,[],[],[],[],[],0.0,,,0.0,0.0,[],1.0,['B'],,,0.0,0.0,[],0.0,0.0,1.0,,[],,[],,0.0,[],0.0,1.0,Scheming Symmetry,[],[],Scheming_Symmetry,{},,[],,,Scheming Symmetry,[],rare,[],[],[],[],0.0,[],,[],0.0,[],,0.0,[],['sorcery'],[],,,,,[],[],,,,,
118,[],0.0,[],0.0,0.0,[],[],[],[],[],0.0,1,3,0.0,0.0,[],2.0,['B'],,,0.0,0.0,[],0.0,0.0,1.0,,[],,[],,0.0,[],0.0,1.0,Sorcerer of the Fang,[],[],Sorcerer_of_the_Fang,{},,[],1,,Sorcerer of the Fang,[],common,[],[],[],[],0.0,[],,"['human', 'wizard']",0.0,[],3,0.0,[],['creature'],[],,,,,,[],,,,,
119,[],0.0,[],0.0,0.0,[],[],[],[],[],0.0,,,0.0,0.0,[],3.0,['B'],,,0.0,0.0,[],0.0,0.0,1.0,,[],,[],,0.0,[],0.0,1.0,"Sorin, Imperious Bloodlord",[],[],Sorin_Imperious_Bloodlord,{},,[],,,"Sorin, Imperious Bloodlord",[],mythic,[],[],[],[],0.0,[],,['sorin'],0.0,[],,0.0,[],"['legendary', 'planeswalker']",[],,,,,,[],0.0,4.0,4.0,,
120,[],0.0,[],0.0,0.0,[],[],[],[],[],0.0,,,0.0,0.0,[],4.0,['B'],,,0.0,0.0,[],0.0,0.0,1.0,,[],,[],,0.0,[],0.0,1.0,Soul Salvage,[],[],Soul_Salvage,{},,[],,,Soul Salvage,[],common,[],[],[],[],0.0,[],,[],0.0,,,0.0,[],['sorcery'],[],,,,,[],[],,,,,
121,[],0.0,[],0.0,0.0,[],[],[],[],[],0.0,,,0.0,0.0,[],6.0,['B'],,,0.0,0.0,[],0.0,0.0,1.0,,[],,[],,0.0,[],0.0,1.0,Thought Distortion,[],[],Thought_Distortion,{},,[],,,Thought Distortion,[],uncommon,[],[],[],[],0.0,[],,[],0.0,,,0.0,[],['sorcery'],[],,,,,[],[],,,,,
122,[],0.0,[],0.0,0.0,[],[],['field'],[],[],0.0,3,2,0.0,0.0,[],4.0,['B'],,,0.0,0.0,[],0.0,0.0,1.0,,[],,[],,0.0,[],0.0,1.0,Undead Servant,[],[],Undead_Servant,{},,[],3,,Undead Servant,[],common,[],[],['field'],[],0.0,[],,['zombie'],0.0,[],2,0.0,,['creature'],[],,,,,[],[],,,,,
123,[],0.0,[],0.0,0.0,[],[],['field'],[],[],0.0,,,0.0,0.0,[],3.0,['B'],,,0.0,0.0,[],0.0,0.0,1.0,,[],,[],,0.0,[],0.0,1.0,Unholy Indenture,[],[],Unholy_Indenture,{},,[],,,Unholy Indenture,[],common,[],[],['field'],[],0.0,[],,['aura'],0.0,,,0.0,,['enchantment'],[],,,,,[],[],,,,,['creature']
124,[],0.0,[],0.0,0.0,[],[],[],[],[],0.0,1,1,0.0,0.0,[],1.0,['B'],,,0.0,0.0,[],0.0,0.0,1.0,,"['deathtouch', 'lifelink']",,[],,0.0,[],0.0,1.0,Vampire of the Dire Moon,[],[],Vampire_of_the_Dire_Moon,{},,[],1,,Vampire of the Dire Moon,[],common,[],[],[],[],0.0,[],,['vampire'],0.0,[],1,0.0,[],['creature'],[],,,,,[],[],,,,,
125,[],0.0,[],0.0,0.0,[],[],['field'],[],[],0.0,4,4,0.0,0.0,[],5.0,['B'],,,0.0,0.0,[],0.0,0.0,1.0,,[],,[],,0.0,[],0.0,1.0,Vengeful Warchief,[],[],Vengeful_Warchief,{},,[],4,,Vengeful Warchief,[],uncommon,[],[],['field'],[],0.0,[],,"['orc', 'warrior']",0.0,[],4,0.0,,['creature'],[],,,,,[],[],,,,,
126,[],0.0,[],0.0,0.0,[],[],['field'],[],[],0.0,8,8,0.0,0.0,[],8.0,['B'],,,0.0,0.0,[],0.0,0.0,1.0,,['flying'],,[],,0.0,[],0.0,1.0,"Vilis, Broker of Blood",[],[],Vilis_Broker_of_Blood,{},,[],8,,"Vilis, Broker of Blood",[],rare,[],[],['field'],[],0.0,[],,['demon'],0.0,[],8,0.0,,['creature'],[],,,,,,[],,,,,
127,[],0.0,[],0.0,0.0,[],[],['field'],[],[],0.0,1,1,0.0,0.0,[],2.0,['B'],,,0.0,0.0,[],0.0,0.0,1.0,,[],,[],,0.0,[],0.0,1.0,Yarok's Fenlurker,[],[],Yaroks_Fenlurker,{},,[],1,,Yarok's Fenlurker,[],uncommon,[],[],['field'],[],0.0,[],,['horror'],0.0,[],1,0.0,,['creature'],[],,,,,,[],,,,,
128,[],0.0,[],0.0,0.0,[],[],[],[],[],0.0,,,0.0,0.0,[],3.0,['R'],,,0.0,0.0,[],0.0,0.0,1.0,,[],,[],,0.0,[],0.0,1.0,Act of Treason,[],[],Act_of_Treason,{},,[],,,Act of Treason,[],common,[],[],[],[],0.0,[],,[],0.0,,,0.0,[],['sorcery'],[],,,,,[],[],,,,,
129,[],0.0,[],0.0,0.0,[],[],"['field', 'field']",[],[],0.0,6,5,0.0,0.0,[],5.0,['R'],,,0.0,0.0,[],0.0,0.0,1.0,,[],,[],,0.0,[],0.0,1.0,Cavalier of Flame,[],[],Cavalier_of_Flame,{},,[],6,,Cavalier of Flame,[],mythic,[],[],"['field', 'field']",[],0.0,[],,"['elemental', 'knight']",0.0,[],5,0.0,,['creature'],[],,,,,,[],,,,,
130,[],0.0,[],0.0,0.0,[],[],[],[],[],0.0,,,0.0,0.0,[],0.0,['C'],,,0.0,0.0,[],0.0,0.0,1.0,,[],,[],,0.0,[],0.0,1.0,"Chandra, Acolyte of Flame",[],[],Chandra_Acolyte_of_Flame,{},,[],,,"Chandra, Acolyte of Flame",[],rare,[],[],[],[],0.0,[],,['chandra'],0.0,[],,0.0,[],"['legendary', 'planeswalker']",[],,,,,,[],0.0,4.0,4.0,,
131,[],0.0,[],0.0,0.0,[],[],[],[],[],0.0,,,0.0,0.0,[],6.0,['R'],,,0.0,0.0,[],0.0,0.0,1.0,,['uncounterable'],,[],,0.0,[],0.0,1.0,"Chandra, Awakened Inferno",[],[],Chandra_Awakened_Inferno,{},,[],,,"Chandra, Awakened Inferno",[],mythic,[],[],[],[],0.0,[],,['chandra'],0.0,[],,0.0,[],"['legendary', 'planeswalker']",[],,,,,,[],0.0,6.0,6.0,,
132,[],0.0,[],0.0,0.0,[],[],[],[],[],0.0,,,0.0,0.0,[],4.0,['R'],,,0.0,0.0,[],0.0,0.0,1.0,,[],,[],,0.0,[],0.0,1.0,"Chandra, Novice Pyromancer",[],[],Chandra_Novice_Pyromancer,{},,[],,,"Chandra, Novice Pyromancer",[],uncommon,[],[],[],[],0.0,[],,['chandra'],0.0,[],,0.0,[],"['legendary', 'planeswalker']",[],,,,,,[],0.0,5.0,5.0,,
133,[],0.0,[],0.0,0.0,[],[],[],[],[],0.0,2,2,0.0,0.0,[],2.0,['R'],,,0.0,0.0,[],0.0,0.0,1.0,,[],,[],,1.0,[],0.0,1.0,Chandra's Embercat,[],[],Chandras_Embercat,{},,[{'R': 1}],2,,Chandra's Embercat,[],common,[],[],[],[],0.0,[],,"['elemental', 'cat']",0.0,[],2,0.0,[],['creature'],[],,,,,,,,,,,
134,[],0.0,[],0.0,0.0,[],[],[],[],[],0.0,,,0.0,0.0,[],4.0,['R'],,,0.0,0.0,[],0.0,1.0,1.0,,[],,[],,0.0,[],0.0,1.0,Chandra's Outrage,[],[],Chandras_Outrage,{},,[],,,Chandra's Outrage,[],common,[],[],[],[],0.0,[],,[],0.0,,,0.0,[],['instant'],[],,,,,[],[],,,,,
135,[],0.0,[],0.0,0.0,[],[],['field'],[],[],0.0,,,0.0,0.0,[],2.0,['R'],,,0.0,0.0,[],0.0,0.0,1.0,,[],,[],,0.0,[],0.0,1.0,Chandra's Regulator,[],[],Chandras_Regulator,{},,[],,,Chandra's Regulator,[],rare,[],[],['field'],[],0.0,[],,[],0.0,[],,0.0,,"['legendary', 'artifact']",[],,,,,,[],,,,,
136,[],0.0,[],0.0,0.0,[],[],['field'],[],[],0.0,1,3,0.0,0.0,[],3.0,['R'],,,0.0,0.0,[],0.0,0.0,1.0,,['flying'],,[],,0.0,[],0.0,1.0,Chandra's Spitfire,[],[],Chandras_Spitfire,{},,[],1,,Chandra's Spitfire,[],uncommon,[],[],['field'],[],0.0,[],,['elemental'],0.0,[],3,0.0,,['creature'],[],,,,,[],[],,,,,
137,[],0.0,[],0.0,0.0,[],['field'],[],[],[],0.0,3,2,0.0,0.0,[],4.0,['R'],,,0.0,0.0,[],0.0,0.0,1.0,,[],,[],,0.0,[],0.0,1.0,Daggersail Aeronaut,[],,Daggersail_Aeronaut,{},,[],3,,Daggersail Aeronaut,[],common,[],['field'],[],[],0.0,[],,['goblin'],0.0,[],2,0.0,[],['creature'],[],,,,,[],[],,,,,
138,[],0.0,[],0.0,0.0,[],[],[],[],[],0.0,3,2,0.0,0.0,[],3.0,['R'],,,0.0,0.0,[],0.0,0.0,1.0,,[],,[],,0.0,[],0.0,1.0,Destructive Digger,[],[],Destructive_Digger,{},,[],3,,Destructive Digger,[],common,[],[],[],[],0.0,[],,['goblin'],0.0,[],2,0.0,[],['creature'],[],,,,,,[],,,,,
139,[],0.0,[],0.0,0.0,[],[],['field'],[],[],0.0,5,5,0.0,0.0,[],7.0,['R'],,,0.0,0.0,[],0.0,0.0,1.0,,['flying'],,[],,0.0,[],0.0,1.0,Dragon Mage,[],[],Dragon_Mage,{},,[],5,,Dragon Mage,[],uncommon,[],[],['field'],[],0.0,[],,['dragon'],0.0,[],5,0.0,,['creature'],[],,,,,[],[],,,,,
140,[],0.0,[],0.0,0.0,[],[],['field'],[],[],0.0,7,7,0.0,0.0,[],7.0,['R'],,,0.0,0.0,[],0.0,0.0,1.0,,['flying'],,[],,0.0,[],0.0,1.0,"Drakuseth, Maw of Flames",[],[],Drakuseth_Maw_of_Flames,{},,[],7,,"Drakuseth, Maw of Flames",[],rare,[],[],['field'],[],0.0,[],,['dragon'],0.0,[],7,0.0,,['creature'],[],,,,,[],[],,,,,
141,[],0.0,[],0.0,0.0,[],[],[],[],[],0.0,2,2,0.0,0.0,[],2.0,['R'],,,0.0,0.0,[],0.0,0.0,1.0,,[],,[],,0.0,[],0.0,1.0,Ember Hauler,[],[],Ember_Hauler,{},,[],2,,Ember Hauler,[],uncommon,[],[],[],[],0.0,[],,['goblin'],0.0,[],2,0.0,[],['creature'],[],,,,,,[],,,,,
142,[],0.0,[],0.0,0.0,[],[],[],[],[],0.0,5,4,0.0,0.0,[],5.0,['R'],,,0.0,0.0,[],0.0,0.0,1.0,,[],,[],,0.0,[],0.0,1.0,Fire Elemental,[],[],Fire_Elemental,{},,[],5,,Fire Elemental,[],common,[],[],[],[],0.0,[],,['elemental'],0.0,[],4,0.0,[],['creature'],[],,,,,[],[],,,,,
143,[],0.0,[],0.0,0.0,[],[],[],[],[],0.0,,,0.0,0.0,[],3.0,['R'],,,0.0,0.0,[],0.0,1.0,1.0,,[],,[],,0.0,[],0.0,1.0,Flame Sweep,[],[],Flame_Sweep,{},,[],,,Flame Sweep,[],uncommon,[],[],[],[],0.0,[],,[],0.0,[],,0.0,[],['instant'],[],,,,,[],[],,,,,
144,[],0.0,[],0.0,0.0,[],[],[],[],[],0.0,,,0.0,0.0,[],2.0,['R'],,,0.0,0.0,[],0.0,1.0,1.0,,['uncounterable'],,[],,0.0,[],0.0,1.0,Fry,[],[],Fry,{},,[],,,Fry,[],uncommon,[],[],[],[],0.0,[],,[],0.0,,,0.0,[],['instant'],[],,,,,[],[],,,,,
145,[],0.0,[],0.0,0.0,[],[],['field'],[],[],0.0,2,4,0.0,0.0,[],3.0,['R'],,,0.0,0.0,[],0.0,0.0,1.0,,['haste'],,[],,0.0,[],0.0,1.0,Glint-Horn Buccaneer,[],[],Glint_Horn_Buccaneer,{},,[],2,,Glint-Horn Buccaneer,[],rare,[],[],['field'],[],0.0,[],,"['minotaur', 'pirate']",0.0,[],4,0.0,,['creature'],[],,,,,,[],,,,,
146,[],0.0,[],0.0,0.0,[],[],[],[],[],0.0,2,1,0.0,0.0,[],2.0,['R'],,,0.0,0.0,[],0.0,0.0,1.0,,[],,[],,0.0,[],0.0,1.0,Goblin Bird-Grabber,[],[],Goblin_Bird_Grabber,{},,[],2,,Goblin Bird-Grabber,[],common,[],[],[],[],0.0,[],,['goblin'],0.0,[],1,0.0,[],['creature'],[],,,,,,[],,,,,
147,[],0.0,[],0.0,0.0,[],[],['field'],[],[],0.0,2,2,0.0,0.0,[],4.0,['R'],,,0.0,0.0,[],0.0,0.0,1.0,,['haste'],,[],,0.0,[],0.0,1.0,Goblin Ringleader,[],[],Goblin_Ringleader,{},,[],2,,Goblin Ringleader,[],uncommon,[],[],['field'],[],0.0,[],,['goblin'],0.0,[],2,0.0,,['creature'],[],,,,,[],[],,,,,
148,[],0.0,[],0.0,0.0,[],[],[],[],[],0.0,2,2,0.0,0.0,[],3.0,['R'],,,0.0,0.0,[],0.0,0.0,1.0,,['haste'],,[],,0.0,[],0.0,1.0,Goblin Smuggler,[],[],Goblin_Smuggler,{},,[],2,,Goblin Smuggler,[],common,[],[],[],[],0.0,[],,['goblin'],0.0,[],2,0.0,[],['creature'],[],,,,,,[],,,,,
149,[],0.0,[],0.0,0.0,[],[],[],[],[],0.0,,,0.0,0.0,[],1.0,['R'],,,0.0,0.0,[],0.0,1.0,1.0,,[],,[],,0.0,[],0.0,1.0,Infuriate,[],[],Infuriate,{},,[],,,Infuriate,[],common,[],[],[],[],0.0,[],,[],0.0,,,0.0,[],['instant'],[],,,,,[],[],,,,,
150,[],0.0,[],0.0,0.0,[],[],['field'],[],[],0.0,4,3,0.0,0.0,[],4.0,['R'],,,0.0,0.0,[],0.0,0.0,1.0,,[],,[],,0.0,[],0.0,1.0,Keldon Raider,[],[],Keldon_Raider,{},,[],4,,Keldon Raider,[],common,[],[],['field'],[],0.0,[],,"['human', 'warrior']",0.0,[],3,0.0,,['creature'],[],,,,,[],[],,,,,
151,[],0.0,[],0.0,0.0,[],[],['field'],[],[],0.0,2,4,0.0,0.0,[],4.0,['R'],,,0.0,0.0,[],0.0,0.0,1.0,,[],,[],,0.0,[],0.0,1.0,Lavakin Brawler,[],[],Lavakin_Brawler,{},,[],2,,Lavakin Brawler,[],common,[],[],['field'],[],0.0,[],,"['elemental', 'warrior']",0.0,[],4,0.0,,['creature'],[],,,,,[],[],,,,,
152,[],0.0,[],0.0,0.0,[],[],"['hand', 'field']",[],[],0.0,,,0.0,0.0,[],4.0,['R'],,,0.0,0.0,[],0.0,0.0,1.0,,[],,[],,0.0,[],0.0,1.0,Leyline of Combustion,[],[],Leyline_of_Combustion,{},,[],,,Leyline of Combustion,[],rare,[],[],"['hand', 'field']",[],0.0,[],,[],0.0,[],,0.0,,['enchantment'],[],,,,,[],[],,,,,
153,[],0.0,[],0.0,0.0,[],[],[],[],[],0.0,,,0.0,0.0,[],2.0,['R'],,,0.0,0.0,[],0.0,0.0,1.0,,[],,[],,0.0,[],0.0,1.0,Maniacal Rage,[],[],Maniacal_Rage,{},,[],,,Maniacal Rage,[],common,[],[],[],[],0.0,[],,['aura'],0.0,,,0.0,[],['enchantment'],[],,,,,[],[],,,,,['creature']
154,[],0.0,[],0.0,0.0,[],['field'],['field'],[],[],0.0,2,3,0.0,0.0,[],2.0,['R'],,,0.0,0.0,[],0.0,0.0,1.0,,[],,[],,0.0,[],0.0,1.0,Marauding Raptor,[],,Marauding_Raptor,{},,[],2,,Marauding Raptor,[],rare,[],['field'],['field'],[],0.0,[],,['dinosaur'],0.0,[],3,0.0,,['creature'],[],,,,,[],[],,,,,
155,[],0.0,[],0.0,0.0,[],[],['field'],[],[],0.0,,,0.0,0.0,[],2.0,['R'],,,0.0,0.0,[],0.0,0.0,1.0,,[],,[],,0.0,[],0.0,1.0,Mask of Immolation,[],[],Mask_of_Immolation,{},,[],,,Mask of Immolation,[],uncommon,[],[],['field'],[],0.0,[],,['equipment'],0.0,[],,0.0,,['artifact'],[],,,,,,[],,,,,
156,[],0.0,[],0.0,0.0,[],[],[],[],[],0.0,2,2,0.0,0.0,[],2.0,['R'],,,0.0,0.0,[],0.0,0.0,1.0,,[],,[],,0.0,[],0.0,1.0,Pack Mastiff,[],[],Pack_Mastiff,{},,[],2,,Pack Mastiff,[],common,[],[],[],[],0.0,[],,['dog'],0.0,[],2,0.0,[],['creature'],[],,,,,,[],,,,,
157,[],0.0,[],0.0,0.0,[],[],['field'],[],[],0.0,3,3,0.0,0.0,[],5.0,['R'],,,0.0,0.0,[],0.0,0.0,1.0,,['flying'],,[],,0.0,[],0.0,1.0,Rapacious Dragon,[],[],Rapacious_Dragon,{},,[],3,,Rapacious Dragon,[],uncommon,[],[],['field'],[],0.0,[],,['dragon'],0.0,[],3,0.0,,['creature'],[],,,,,[],[],,,,,
158,[],0.0,[],0.0,0.0,[],[],[],[],[],0.0,,,0.0,0.0,[],1.0,['R'],,,0.0,0.0,[],0.0,1.0,1.0,,[],,[],,0.0,"['Flying creature damage', 'Destroy artifact']",1.0,2.0,Reckless Air Strike,[],[],Reckless_Air_Strike,{},,[],,,Reckless Air Strike,[],common,[],[],[],[],0.0,[],,[],0.0,,,0.0,[],['instant'],[],,,,,[],[],,,,,
159,[],0.0,[],0.0,0.0,[],[],[],[],[],0.0,,,0.0,0.0,[],5.0,['R'],,,0.0,0.0,[],0.0,0.0,1.0,,[],,[],,0.0,[],0.0,1.0,Reduce to Ashes,[],[],Reduce_to_Ashes,{},,[],,,Reduce to Ashes,[],common,[],[],[],[],0.0,[],,[],0.0,,,0.0,[],['sorcery'],[],,,,,[],[],,,,,
160,[],0.0,[],0.0,0.0,[],[],[],[],[],0.0,,,0.0,0.0,[],4.0,['R'],,,0.0,0.0,[],0.0,1.0,1.0,,[],,[],,0.0,[],0.0,1.0,Repeated Reverberation,[],[],Repeated_Reverberation,{},,[],,,Repeated Reverberation,[],rare,[],[],[],[],0.0,[],,[],0.0,[],,0.0,[],['instant'],[],,,,,[],[],,,,,
161,[],0.0,[],0.0,0.0,[],[],[],[],[],0.0,6,5,0.0,0.0,[],6.0,['R'],,,0.0,0.0,[],0.0,0.0,1.0,,['menace'],,[],,0.0,[],0.0,1.0,Ripscale Predator,[],[],Ripscale_Predator,{},,[],6,,Ripscale Predator,[],common,[],[],[],[],0.0,[],,['dinosaur'],0.0,[],5,0.0,[],['creature'],[],,,,,[],[],,,,,
162,[],0.0,[],0.0,0.0,[],[],['field'],[],[],0.0,1,1,0.0,0.0,[],4.0,['R'],,,0.0,0.0,[],0.0,0.0,1.0,,[],,[],,0.0,[],0.0,1.0,Scampering Scorcher,[],[],Scampering_Scorcher,{},,[],1,,Scampering Scorcher,[],uncommon,[],[],['field'],[],0.0,[],,['elemental'],0.0,[],1,0.0,,['creature'],[],,,,,[],[],,,,,
163,[],0.0,[],0.0,0.0,[],[],['field'],[],[],0.0,1,1,0.0,0.0,[],1.0,['R'],,,0.0,0.0,[],0.0,0.0,1.0,,[],,[],,0.0,[],0.0,1.0,Scorch Spitter,[],[],Scorch_Spitter,{},,[],1,,Scorch Spitter,[],common,[],[],['field'],[],0.0,[],,['elemental'],0.0,[],1,0.0,,['creature'],[],,,,,[],[],,,,,
164,[],0.0,[],0.0,0.0,[],[],[],[],[],0.0,,,0.0,0.0,[],1.0,['R'],,,0.0,0.0,[],0.0,1.0,1.0,,[],,[],,0.0,[],0.0,1.0,Shock,[],[],Shock,{},,[],,,Shock,[],common,[],[],[],[],0.0,[],,[],0.0,,,0.0,[],['instant'],[],,,,,[],[],,,,,
165,[],0.0,[],0.0,0.0,[],[],[],[],[],0.0,,,0.0,0.0,[],4.0,['R'],,,0.0,0.0,[],0.0,0.0,1.0,,[],,[],,0.0,[],0.0,1.0,Tectonic Rift,[],[],Tectonic_Rift,{},,[],,,Tectonic Rift,[],common,[],[],[],[],0.0,[],,[],0.0,,,0.0,[],['sorcery'],[],,,,,[],[],,,,,
166,[],0.0,[],0.0,0.0,[],[],['field'],[],[],0.0,1,2,0.0,0.0,[],2.0,['R'],,,0.0,0.0,[],0.0,0.0,1.0,,[],,[],,0.0,[],0.0,1.0,Thunderkin Awakener,[],[],Thunderkin_Awakener,{},,[],1,,Thunderkin Awakener,[],rare,[],[],['field'],[],0.0,[],,['elemental'],0.0,[],2,0.0,,['creature'],[],,,,,[],[],,,,,
167,[],0.0,[],0.0,0.0,[],[],[],[],[],0.0,,,0.0,0.0,[],3.0,['R'],,,0.0,0.0,[],0.0,1.0,1.0,,[],,[],,0.0,[],0.0,1.0,Uncaged Fury,[],[],Uncaged_Fury,{},,[],,,Uncaged Fury,[],uncommon,[],[],[],[],0.0,[],,[],0.0,,,0.0,[],['instant'],[],,,,,[],[],,,,,
168,[],0.0,[],0.0,0.0,[],['field'],[],[],[],0.0,1,1,0.0,0.0,[],2.0,['R'],,,0.0,0.0,[],0.0,0.0,1.0,,[],,[],,0.0,[],0.0,1.0,Unchained Berserker,[],,Unchained_Berserker,{},,[],1,,Unchained Berserker,,uncommon,[],['field'],[],[],0.0,[],,"['human', 'berserker']",0.0,[],1,0.0,[],['creature'],[],,,,,[],[],,,,,
169,[],0.0,[],0.0,0.0,[],['field'],[],[],[],0.0,2,2,0.0,0.0,[],2.0,['G'],,,0.0,0.0,[],0.0,0.0,1.0,,[],,[],,0.0,[],0.0,1.0,Barkhide Troll,[],,Barkhide_Troll,{},,[],2,,Barkhide Troll,[],uncommon,[],['field'],[],[],0.0,[],,['troll'],0.0,[],2,0.0,[],['creature'],[],,,,,,[],,,,,
170,[],0.0,[],0.0,0.0,[],[],[],[],[],0.0,2,4,0.0,0.0,[],4.0,['G'],,,0.0,0.0,[],0.0,0.0,1.0,,[],,[],,0.0,[],0.0,1.0,Brightwood Tracker,[],[],Brightwood_Tracker,{},,[],2,,Brightwood Tracker,[],common,[],[],[],[],0.0,[],,"['elf', 'scout']",0.0,[],4,0.0,[],['creature'],[],,,,,,[],,,,,
171,[],0.0,[],0.0,0.0,[],[],"['field', 'field']",[],[],0.0,5,6,0.0,0.0,[],5.0,['G'],,,0.0,0.0,[],0.0,0.0,1.0,,['reach'],,[],,0.0,[],0.0,1.0,Cavalier of Thorns,[],[],Cavalier_of_Thorns,{},,[],5,,Cavalier of Thorns,[],mythic,[],[],"['field', 'field']",[],0.0,[],,"['elemental', 'knight']",0.0,[],6,0.0,,['creature'],[],,,,,[],[],,,,,
172,[],0.0,[],0.0,0.0,[],[],[],[],[],0.0,3,3,0.0,0.0,[],3.0,['G'],,,0.0,0.0,[],0.0,0.0,1.0,,[],,[],,0.0,[],0.0,1.0,Centaur Courser,[],[],Centaur_Courser,{},,[],3,,Centaur Courser,[],common,[],[],[],[],0.0,[],,"['centaur', 'warrior']",0.0,[],3,0.0,[],['creature'],[],,,,,[],[],,,,,
173,[],0.0,[],0.0,0.0,[],['field'],[],[],[],0.0,1,2,0.0,0.0,[],1.0,['G'],,,0.0,0.0,[],0.0,0.0,1.0,,[],,[],,0.0,[],0.0,1.0,Elvish Reclaimer,[],,Elvish_Reclaimer,{},,[],1,,Elvish Reclaimer,[],rare,[],['field'],[],[],0.0,[],,"['elf', 'warrior']",0.0,[],2,0.0,[],['creature'],[],,,,,,[],,,,,
174,[],0.0,[],0.0,0.0,[],[],[],[],[],0.0,,,0.0,0.0,[],3.0,['G'],,,0.0,0.0,[],0.0,1.0,1.0,,['flash'],,[],,0.0,[],0.0,1.0,Feral_Invocation,[],[],Feral_Invocation,{},,[],,,Feral_Invocation,[],common,[],[],[],[],0.0,[],,['aura'],0.0,,,0.0,[],['enchantment'],[],,,,,[],[],,,,,['creature']
175,[],0.0,[],0.0,0.0,[],[],['field'],[],[],0.0,0,1,0.0,0.0,[],3.0,['G'],,,0.0,0.0,[],0.0,0.0,1.0,,[],,[],,0.0,[],0.0,1.0,Ferocious Pup,[],[],Ferocious_Pup,{},,[],0,,Ferocious Pup,[],common,[],[],['field'],[],0.0,[],,['wolf'],0.0,[],1,0.0,,['creature'],[],,,,,[],[],,,,,
176,[],0.0,[],0.0,0.0,[],['field'],['field'],[],[],0.0,8,7,0.0,0.0,[],6.0,['G'],,,0.0,0.0,[],0.0,0.0,1.0,,['vigilance'],,[],,0.0,[],0.0,1.0,"Gargos, Vicious Watcher",[],,Gargos_Vicious_Watcher,{},,[],8,,"Gargos, Vicious Watcher",[],rare,[],['field'],['field'],[],0.0,[],,['hydra'],0.0,[],7,0.0,,"['legendary', 'creature']",[],,,,,[],[],,,,,
177,[],0.0,[],0.0,0.0,[],[],['field'],[],[],0.0,,,0.0,0.0,[],3.0,['G'],,,0.0,0.0,[],0.0,0.0,1.0,,[],,[],,0.0,[],0.0,1.0,Gift of Paradise,[],[],Gift_of_Paradise,{},,[],,,Gift of Paradise,[],common,[],[],['field'],[],0.0,[],,['aura'],0.0,,,0.0,,['enchantment'],[],,,,,[],[],,,,,['land']
178,[],0.0,[],0.0,0.0,[],[],[],[],[],0.0,2,2,0.0,0.0,[],2.0,['G'],,,0.0,0.0,[],0.0,0.0,1.0,,['vigilance'],,[],,0.0,[],0.0,1.0,Greenwood Sentinel,[],[],Greenwood_Sentinel,{},,[],2,,Greenwood Sentinel,[],common,[],[],[],[],0.0,[],,"['elf', 'scout']",0.0,[],2,0.0,[],['creature'],[],,,,,[],[],,,,,
179,[],0.0,[],0.0,0.0,[],[],[],[],[],0.0,,,0.0,0.0,[],2.0,['G'],,,0.0,0.0,[],0.0,1.0,1.0,,[],,[],,0.0,[],0.0,1.0,Growth Cycle,[],[],Growth_Cycle,{},,[],,,Growth Cycle,[],common,[],[],[],[],0.0,[],,[],0.0,,,0.0,[],['instant'],[],,,,,[],[],,,,,
180,[],0.0,[],0.0,0.0,[],[],['field'],[],[],0.0,1,2,0.0,0.0,[],1.0,['G'],,,0.0,0.0,[],0.0,0.0,1.0,,[],,[],,0.0,[],0.0,1.0,Healer of the Glade,[],[],Healer_of_the_Glade,{},,[],1,,Healer of the Glade,[],common,[],[],['field'],[],0.0,[],,['elemental'],0.0,[],2,0.0,,['creature'],[],,,,,[],[],,,,,
181,[],0.0,[],0.0,0.0,[],[],['field'],[],[],0.0,5,5,0.0,0.0,[],7.0,['G'],,,0.0,0.0,[],0.0,0.0,1.0,,['reach'],,[],,0.0,[],0.0,1.0,Howling Giant,[],[],Howling_Giant,{},,[],5,,Howling Giant,[],uncommon,[],[],['field'],[],0.0,[],,"['giant', 'druid']",0.0,[],5,0.0,,['creature'],[],,,,,[],[],,,,,
182,[],0.0,[],0.0,0.0,[],[],[],[],[],0.0,0,3,0.0,0.0,[],2.0,['G'],,,0.0,0.0,[],0.0,0.0,1.0,,[],,[],,1.0,[],0.0,1.0,Leafkin Druid,[],[],Leafkin_Druid,{},,"[{'G': 1}, {'G': 2}]",0,,Leafkin Druid,[],common,[],[],[],[],0.0,[],,"['elemental', 'druid']",0.0,[],3,0.0,[],['creature'],[],,,,,,,,,,,
183,[],0.0,[],0.0,0.0,[],['field'],"['hand', 'field']",[],[],0.0,,,0.0,0.0,[],4.0,['G'],,,0.0,0.0,[],0.0,0.0,1.0,,[],,[],,0.0,[],0.0,1.0,Leyline of Abundance,[],,Leyline_of_Abundance,{},,[],,,Leyline of Abundance,[],rare,[],['field'],"['hand', 'field']",[],0.0,[],,[],0.0,[],,0.0,,['enchantment'],[],,,,,,[],,,,,
184,[],0.0,[],0.0,0.0,[],[],['field'],[],[],0.0,3,2,0.0,0.0,[],3.0,['G'],,,0.0,0.0,[],0.0,0.0,1.0,,[],,[],,0.0,[],0.0,1.0,Loaming Shaman,[],[],Loaming_Shaman,{},,[],3,,Loaming Shaman,[],uncommon,[],[],['field'],[],0.0,[],,"['centaur', 'shaman']",0.0,[],2,0.0,,['creature'],[],,,,,[],[],,,,,
185,[],0.0,[],0.0,0.0,[],[],[],[],[],0.0,3,5,0.0,0.0,[],5.0,['G'],,,0.0,0.0,[],0.0,0.0,1.0,,['reach'],,[],,0.0,[],0.0,1.0,Mammoth Spider,[],[],Mammoth_Spider,{},,[],3,,Mammoth Spider,[],common,[],[],[],[],0.0,[],,['spider'],0.0,[],5,0.0,[],['creature'],[],,,,,[],[],,,,,
186,[],0.0,[],0.0,0.0,[],[],[],[],[],0.0,,,0.0,0.0,[],1.0,['G'],,,0.0,0.0,[],0.0,1.0,1.0,,[],,[],,0.0,[],0.0,1.0,Might of the Masses,[],[],Might_of_the_Masses,{},,[],,,Might of the Masses,[],common,[],[],[],[],0.0,[],,[],0.0,,,0.0,[],['instant'],[],,,,,[],[],,,,,
187,[],0.0,[],0.0,0.0,[],[],[],[],[],0.0,,,0.0,0.0,[],3.0,['G'],,,0.0,0.0,[],0.0,1.0,1.0,,[],,[],,0.0,[],0.0,1.0,Might of the Masses,[],[],Natural_End,{},,[],,,Might of the Masses,[],common,[],[],[],[],0.0,[],,[],0.0,,,0.0,[],['instant'],[],,,,,[],[],,,,,
188,[],0.0,[],0.0,0.0,[],[],['field'],[],[],0.0,2,3,0.0,0.0,[],3.0,['G'],,,0.0,0.0,[],0.0,0.0,1.0,,['reach'],,[],,0.0,[],0.0,1.0,Netcaster Spider,[],[],Netcaster_Spider,{},,[],2,,Netcaster Spider,[],common,[],[],['field'],[],0.0,[],,['spider'],0.0,[],3,0.0,,['creature'],[],,,,,[],[],,,,,
189,[],0.0,[],0.0,0.0,[],['field'],['field'],[],[],0.0,4,4,0.0,0.0,[],4.0,['G'],,,0.0,0.0,[],0.0,1.0,1.0,,['flash'],,[],,0.0,[],0.0,1.0,Nightpack Ambusher,[],,Nightpack_Ambusher,{},,[],4,,Nightpack Ambusher,[],rare,[],['field'],['field'],[],0.0,[],,['wolf'],0.0,[],4,0.0,,['creature'],[],,,,,[],[],,,,,
190,[],0.0,[],0.0,0.0,[],[],[],[],[],0.0,,,0.0,0.0,[],5.0,['G'],,,0.0,0.0,[],0.0,1.0,1.0,,[],,[],,0.0,[],0.0,1.0,Overcome,[],[],Overcome,{},,[],,,Overcome,[],uncommon,[],[],[],[],0.0,[],,[],0.0,[],,0.0,[],['instant'],[],,,,,[],[],,,,,
191,[],0.0,[],0.0,0.0,[],[],"['field', 'field']",[],[],0.0,3,2,0.0,0.0,[],3.0,['G'],,,0.0,0.0,[],0.0,0.0,1.0,,[],,[],,0.0,[],0.0,1.0,Overgrowth Elemental,[],[],Overgrowth_Elemental,{},,[],3,,Overgrowth Elemental,[],uncommon,[],[],"['field', 'field']",[],0.0,[],,['elemental'],0.0,[],2,0.0,,['creature'],[],,,,,[],[],,,,,
192,[],0.0,[],0.0,0.0,[],[],[],[],[],0.0,,,0.0,0.0,[],2.0,['G'],,,0.0,0.0,[],0.0,1.0,1.0,,[],,[],,0.0,[],0.0,1.0,Plummet,[],[],Plummet,{},,[],,,Plummet,[],common,[],[],[],[],0.0,[],,[],0.0,,,0.0,[],['instant'],[],,,,,[],[],,,,,
193,[],0.0,[],0.0,0.0,[],[],[],[],[],0.0,,,0.0,0.0,[],3.0,['G'],,,0.0,0.0,[],0.0,1.0,1.0,,[],,[],,0.0,[],0.0,1.0,Pulse of Murasa,[],[],Pulse_of_Murasa,{},,[],,,Pulse of Murasa,[],uncommon,[],[],[],[],0.0,[],,[],0.0,,,0.0,[],['instant'],[],,,,,[],[],,,,,
194,[],0.0,[],0.0,0.0,[],[],[],[],[],0.0,,,0.0,0.0,[],2.0,['G'],,,0.0,0.0,[],0.0,0.0,1.0,,[],,[],,0.0,[],0.0,1.0,Rabid_Bite,[],[],Rabid_Bite,{},,[],,,Rabid_Bite,[],common,[],[],[],[],0.0,[],,[],0.0,,,0.0,[],['sorcery'],[],,,,,[],[],,,,,
195,[],0.0,[],0.0,0.0,[],[],"['field', 'field']",[],[],0.0,,,0.0,0.0,[],2.0,['G'],,,0.0,0.0,[],0.0,0.0,1.0,,[],,[],,0.0,[],0.0,1.0,Season of Growth,[],[],Season_of_Growth,{},,[],,,Season of Growth,[],uncommon,[],[],"['field', 'field']",[],0.0,[],,[],0.0,[],,0.0,,['creature'],[],,,,,[],[],,,,,
196,[],0.0,[],0.0,0.0,[],[],[],[],[],0.0,1,1,0.0,0.0,[],1.0,['G'],,,0.0,0.0,[],0.0,0.0,1.0,,['deathtouch'],,[],,0.0,[],0.0,1.0,Sedge Scorpion,[],[],Sedge_Scorpion,{},,[],1,,Sedge Scorpion,[],common,[],[],[],[],0.0,[],,['scorpion'],0.0,[],1,0.0,[],['creature'],[],,,,,[],[],,,,,
197,[],0.0,[],0.0,0.0,[],[],[],[],[],0.0,,,0.0,0.0,[],5.0,['G'],,,0.0,0.0,[],0.0,1.0,1.0,,[],,[],,0.0,[],0.0,1.0,Shared Summons,[],[],Shared_Summons,{},,[],,,Shared Summons,[],rare,[],[],[],[],0.0,[],,[],0.0,[],,0.0,[],['instant'],[],,,,,[],[],,,,,
198,[],0.0,[],0.0,0.0,[],[],[],[],[],0.0,5,4,0.0,0.0,[],0.0,['C'],,,0.0,0.0,[],0.0,0.0,1.0,,['uncounterable'],,[],,0.0,[],0.0,1.0,Shifting Ceratops,[],[],Shifting_Ceratops,{},,[],5,,Shifting Ceratops,,rare,[],[],[],[],0.0,[],,['dinosaur'],0.0,[],4,0.0,[],['creature'],[],,,,,,[],,,,,
199,[],0.0,[],0.0,0.0,[],[],['field'],[],[],0.0,5,4,0.0,0.0,[],0.0,['C'],,,0.0,0.0,[],0.0,0.0,1.0,,['trample'],,[],,0.0,[],0.0,1.0,Silverback Shaman,[],[],Silverback_Shaman,{},,[],5,,Silverback Shaman,[],common,[],[],['field'],[],0.0,[],,"['ape', 'shaman']",0.0,[],4,0.0,,['creature'],[],,,,,[],[],,,,,
200,[],0.0,[],0.0,0.0,[],['field'],[],[],[],0.0,4,3,0.0,0.0,[],4.0,['G'],,,0.0,0.0,[],0.0,0.0,1.0,,['trample'],,[],,0.0,[],0.0,1.0,Thicket Crasher,[],,Thicket_Crasher,{},,[],4,,Thicket Crasher,[],common,[],['field'],[],[],0.0,[],,"['elemental', 'rhino']",0.0,[],3,0.0,[],['creature'],[],,,,,[],[],,,,,
201,[],0.0,[],0.0,0.0,[],[],[],[],[],0.0,3,4,0.0,0.0,[],3.0,['G'],,,0.0,0.0,[],0.0,0.0,1.0,,[],,[],,0.0,[],0.0,1.0,Thrashing Brontodon,[],[],Thrashing_Brontodon,{},,[],3,,Thrashing Brontodon,[],uncommon,[],[],[],[],0.0,[],,['dinosaur'],0.0,[],4,0.0,[],['creature'],[],,,,,,[],,,,,
202,[],0.0,[],0.0,0.0,[],[],[],[],[],0.0,,,0.0,0.0,[],1.0,['G'],,,0.0,0.0,[],0.0,1.0,1.0,,[],,[],,0.0,[],0.0,1.0,Veil of Summer,[],[],Veil_of_Summer,{},,[],,,Veil of Summer,[],uncommon,[],[],[],[],0.0,[],,[],0.0,[],,0.0,[],['instant'],[],,,,,[],[],,,,,
203,[],0.0,[],0.0,0.0,[],[],[],[],[],0.0,,,0.0,0.0,[],4.0,['G'],,,0.0,0.0,[],0.0,0.0,1.0,,[],,[],,0.0,[],0.0,1.0,"Vivien, Arkbow Ranger",[],[],Vivien_Arkbow_Ranger,{},,[],,,"Vivien, Arkbow Ranger",[],mythic,[],[],[],[],0.0,[],,['vivien'],0.0,[],,0.0,[],"['legendary', 'planeswalker']",[],,,,,,[],0.0,4.0,4.0,,
204,[],0.0,[],0.0,0.0,[],['field'],['field'],[],[],0.0,0,1,0.0,0.0,[],2.0,['G'],,,0.0,0.0,[],0.0,0.0,1.0,,['trample'],,[],,0.0,[],0.0,1.0,Voracious Hydra,[],,Voracious_Hydra,{},,[],0,,Voracious Hydra,[],rare,[],['field'],['field'],[],0.0,[],,['hydra'],0.0,[],1,0.0,,['creature'],[],,,,,[],[],,,,,
205,[],0.0,[],0.0,0.0,[],[],[],[],[],0.0,7,7,0.0,0.0,[],6.0,['G'],,,0.0,0.0,[],0.0,0.0,1.0,,[],,[],,0.0,[],0.0,1.0,Vorstclaw,[],[],Vorstclaw,{},,[],7,,Vorstclaw,[],common,[],[],[],[],0.0,[],,"['elemental', 'horror']",0.0,[],7,0.0,[],['creature'],[],,,,,[],[],,,,,
206,[],0.0,[],0.0,0.0,[],[],[],[],[],0.0,5,5,0.0,0.0,[],6.0,['G'],,,0.0,0.0,[],0.0,0.0,1.0,,[],,[],,0.0,[],0.0,1.0,Wakeroot Elemental,[],[],Wakeroot_Elemental,{},,[],5,,Wakeroot Elemental,[],rare,[],[],[],[],0.0,[],,['elemental'],0.0,[],5,0.0,[],['creature'],[],,,,,,[],,,,,
207,[],0.0,[],0.0,0.0,[],[],['field'],[],[],0.0,,,0.0,0.0,[],5.0,['G'],,,0.0,0.0,[],0.0,0.0,1.0,,[],,[],,0.0,[],0.0,1.0,Wolfkin Bond,[],[],Wolfkin_Bond,{},,[],,,Wolfkin Bond,[],common,[],[],['field'],[],0.0,[],,['aura'],0.0,,,0.0,,['enchantment'],[],,,,,[],[],,,,,['creature']
208,[],0.0,[],0.0,0.0,[],[],['field'],[],[],0.0,,,0.0,0.0,[],4.0,['G'],,,0.0,0.0,[],0.0,0.0,1.0,,[],,[],,0.0,[],0.0,1.0,Wolfriders Saddle,[],[],Wolfriders_Saddle,{},,[],,,Wolfriders Saddle,[],uncommon,[],[],['field'],[],0.0,[],,['equipment'],0.0,[],,0.0,,['artifact'],[],,,,,,[],,,,,
209,[],0.0,[],0.0,0.0,[],[],['field'],[],[],0.0,2,2,0.0,0.0,[],2.0,['G'],,,0.0,0.0,[],0.0,0.0,1.0,,[],,[],,0.0,[],0.0,1.0,Woodland Champion,[],[],Woodland_Champion,{},,[],2,,Woodland Champion,[],uncommon,[],[],['field'],[],0.0,[],,"['elf', 'scout']",0.0,[],2,0.0,,['creature'],[],,,,,[],[],,,,,
210,[],0.0,[],0.0,0.0,[],[],['field'],[],[],0.0,2,2,0.0,0.0,[],2.0,"['B', 'W']",,,0.0,0.0,[],0.0,0.0,1.0,,[],,[],,0.0,[],0.0,1.0,Corpse Knight,[],[],Corpse_Knight,{},,[],2,,Corpse Knight,[],uncommon,[],[],['field'],[],0.0,[],,"['zombie', 'knight']",0.0,[],2,0.0,,['creature'],[],,,,,[],[],,,,,
211,[],0.0,[],0.0,0.0,[],['field'],[],[],[],0.0,2,2,0.0,0.0,[],2.0,"['G', 'R']",,,0.0,0.0,[],0.0,0.0,1.0,,[],,[],,0.0,[],0.0,1.0,Creeping Trailblazer,[],,Creeping_Trailblazer,{},,[],2,,Creeping Trailblazer,[],uncommon,[],['field'],[],[],0.0,[],,['elemental'],0.0,[],2,0.0,[],['creature'],[],,,,,,[],,,,,
212,[],0.0,[],0.0,0.0,[],['field'],[],[],[],0.0,2,3,0.0,0.0,[],3.0,"['U', 'W']",,,0.0,0.0,[],0.0,0.0,1.0,,['flying'],,[],,0.0,[],0.0,1.0,Empyrean Eagle,[],,Empyrean_Eagle,{},,[],2,,Empyrean Eagle,[],uncommon,[],['field'],[],[],0.0,[],,"['bird', 'spirit']",0.0,[],3,0.0,[],['creature'],[],,,,,[],[],,,,,
213,[],0.0,[],0.0,0.0,[],['field'],[],[],[],0.0,0,5,0.0,0.0,[],3.0,"['G', 'W']",,,0.0,0.0,[],0.0,0.0,1.0,,[],,[],,0.0,[],0.0,1.0,Ironroot Warlord,[],,Ironroot_Warlord,{},,[],0,,Ironroot Warlord,[],uncommon,[],['field'],[],[],0.0,[],,"['treefolk', 'soldier']",0.0,[],5,0.0,[],['creature'],[],,,,,,[],,,,,
214,[],0.0,[],0.0,0.0,[],[],['field'],[],[],0.0,3,3,0.0,0.0,[],3.0,"['B', 'R', 'W']",,,0.0,0.0,[],0.0,0.0,1.0,,"['flying', 'vigilance']",,[],,0.0,[],0.0,1.0,"Kaalia, Zenith Seeker",[],[],Kaalia_Zenith_Seeker,{},,[],3,,"Kaalia, Zenith Seeker",[],mythic,[],[],['field'],[],0.0,[],,[],0.0,[],3,0.0,,"['legendary', 'creature']",[],,,,,[],[],,,,,
215,[],0.0,[],0.0,0.0,[],['field'],[],[],[],0.0,3,4,0.0,0.0,[],3.0,"['B', 'G', 'W']",,,0.0,0.0,[],0.0,0.0,1.0,,[],,[],,0.0,[],0.0,1.0,"Kethis, the Hidden Hand",[],,Kethis_the_Hidden_Hand,{},,[],3,,"Kethis, the Hidden Hand",[],mythic,[],['field'],[],[],0.0,[],,"['elf', 'advisor']",0.0,[],4,0.0,[],"['legendary', 'creature']",[],,,,,,[],,,,,
216,[],0.0,[],0.0,0.0,[],[],['field'],[],[],0.0,3,3,0.0,0.0,[],4.0,"['R', 'U', 'W']",,,0.0,0.0,[],0.0,0.0,1.0,,['flying'],,[],,1.0,[],0.0,1.0,"Kykar, Winds Fury",[],[],Kykar_Winds_Fury,{},,[{'R': 1}],3,,"Kykar, Winds Fury",[],mythic,[],[],['field'],[],0.0,[],,"['bird', 'wizard']",0.0,[],3,0.0,,"['legendary', 'creature']",[],,,,,,,,,,,
217,[],0.0,[],0.0,0.0,[],[],[],[],[],0.0,2,2,0.0,0.0,[],2.0,"['R', 'U']",,,0.0,0.0,[],0.0,0.0,1.0,,"['haste', 'flying']",,[],,0.0,[],0.0,1.0,Lightning Stormkin,[],[],Lightning_Stormkin,{},,[],2,,Lightning Stormkin,[],uncommon,[],[],[],[],0.0,[],,"['elemental', 'wizard']",0.0,[],2,0.0,[],['creature'],[],,,,,[],[],,,,,
218,[],0.0,[],0.0,0.0,[],[],['field'],[],[],0.0,,,0.0,0.0,[],5.0,"['B', 'G']",,,0.0,0.0,[],0.0,0.0,1.0,,[],,[],,0.0,[],0.0,1.0,Moldervine Reclaimation,[],[],Moldervine_Reclamation,{},,[],,,Moldervine Reclaimation,[],uncommon,[],[],['field'],[],0.0,[],,[],0.0,[],,0.0,,['enchantment'],[],,,,,[],[],,,,,
219,[],0.0,[],0.0,0.0,[],[],[],[],[],0.0,4,3,0.0,0.0,[],4.0,"['B', 'R']",,,0.0,0.0,[],0.0,0.0,1.0,,[],,[],,0.0,[],0.0,1.0,Ogre Siegebreaker,[],[],Ogre_Siegebreaker,{},,[],4,,Ogre Siegebreaker,[],uncommon,[],[],[],[],0.0,[],,"['ogre', 'berserker']",0.0,[],3,0.0,[],['creature'],[],,,,,,[],,,,,
220,[],0.0,[],0.0,0.0,[],[],"['field', 'field']",[],[],0.0,3,3,0.0,0.0,[],4.0,"['G', 'R', 'U']",,,0.0,0.0,[],0.0,0.0,1.0,,[],,[],,0.0,[],0.0,1.0,"Omnath, Locus of the Roil",[],[],Omnath_Locus_of_the_Roil,{},,[],3,,"Omnath, Locus of the Roil",[],mythic,[],[],"['field', 'field']",[],0.0,[],,['elemental'],0.0,[],3,0.0,,"['legendary', 'creature']",[],,,,,[],[],,,,,
221,[],0.0,[],0.0,0.0,[],[],['field'],[],[],0.0,1,1,0.0,0.0,[],3.0,"['G', 'U']",,,0.0,0.0,[],0.0,0.0,1.0,,[],,[],,0.0,[],0.0,1.0,Risen Reef,[],[],Risen_Reef,{},,[],1,,Risen Reef,[],uncommon,[],[],['field'],[],0.0,[],,['elemental'],0.0,[],1,0.0,,['creature'],[],,,,,[],[],,,,,
222,[],0.0,[],0.0,0.0,[],[],['field'],[],[],0.0,1,1,0.0,0.0,[],2.0,"['R', 'W']",,,0.0,0.0,[],0.0,0.0,1.0,,['flying'],,[],,0.0,[],0.0,1.0,Skyknight Vanguard,[],[],Skyknight_Vanguard,{},,[],1,,Skyknight Vanguard,[],uncommon,[],[],['field'],[],0.0,[],,"['human', 'knight']",0.0,[],1,0.0,,['creature'],[],,,,,[],[],,,,,
223,[],0.0,[],0.0,0.0,[],[],"['field', 'field']",[],[],0.0,1,3,0.0,0.0,[],3.0,"['B', 'U']",,,0.0,0.0,[],0.0,0.0,1.0,,"['deathtouch', 'lifelink']",,[],,0.0,[],0.0,1.0,Tomebound Lich,[],[],Tomebound_Lich,{},,[],1,,Tomebound Lich,[],uncommon,[],[],"['field', 'field']",[],0.0,[],,"['zombie', 'wizard']",0.0,[],3,0.0,,['creature'],[],,,,,[],[],,,,,
224,[],0.0,[],0.0,0.0,[],[],['field'],[],[],0.0,3,5,0.0,0.0,[],5.0,"['B', 'G', 'U']",,,0.0,0.0,[],0.0,0.0,1.0,,"['deathtouch', 'lifelink']",,[],,0.0,[],0.0,1.0,"Yarok, the Desecrated",[],[],Yarok_the_Desecrated,{},,[],3,,"Yarok, the Desecrated",[],mythic,[],[],['field'],[],0.0,[],,"['elemental', 'warrior']",0.0,[],5,0.0,,"['legendary', 'creature']",[],,,,,[],[],,,,,
225,[],0.0,[],0.0,0.0,[],[],[],[],[],0.0,2,1,0.0,0.0,[],4.0,['C'],,,0.0,0.0,[],0.0,0.0,1.0,,"['flying', 'first strike']",,[],,0.0,[],0.0,1.0,Anvilwrought_Raptor,[],[],Anvilwrought_Raptor,{},,[],2,,Anvilwrought_Raptor,[],common,[],[],[],[],0.0,[],,['bird'],0.0,[],1,0.0,[],"['artifact', 'creature']",[],,,,,[],[],,,,,
226,[],0.0,[],0.0,0.0,[],[],['field'],[],[],0.0,,,0.0,0.0,[],1.0,['C'],,,0.0,0.0,[],0.0,0.0,1.0,,[],,[],,0.0,[],0.0,1.0,Bag of Holding,[],[],Bag_of_Holding,{},,[],,,Bag of Holding,[],rare,[],[],['field'],[],0.0,[],,[],0.0,[],,0.0,,['artifact'],[],,,,,,[],,,,,
227,[],0.0,[],0.0,0.0,[],[],[],[],[],0.0,,,0.0,0.0,[],1.0,['C'],,,0.0,0.0,[],0.0,0.0,1.0,,[],,[],,0.0,[],0.0,1.0,Colossus Hammer,[],[],Colossus_Hammer,{},,[],,,Colossus Hammer,[],uncommon,[],[],[],[],0.0,[],,['equipment'],0.0,[],,0.0,[],['artifact'],[],,,,,,[],,,,,
228,[],0.0,[],0.0,0.0,[],['field'],['field'],[],[],0.0,1,1,0.0,0.0,[],0.0,['C'],,,0.0,0.0,[],0.0,0.0,1.0,,['vigilance'],,[],,0.0,[],0.0,1.0,Diamond Knight,[],,Diamond_Knight,{},,[],1,,Diamond Knight,[],uncommon,[],['field'],['field'],[],0.0,[],,['knight'],0.0,[],1,0.0,,"['artifact', 'creature']",[],,,,,[],[],,,,,
229,[],0.0,[],0.0,0.0,[],[],[],[],[],0.0,,,0.0,0.0,[],4.0,['C'],,,0.0,0.0,[],0.0,0.0,1.0,,[],,[],,0.0,[],0.0,1.0,Diviner's Lockbox,[],[],Diviners_Lockbox,{},,[],,,Diviner's Lockbox,[],uncommon,[],[],[],[],0.0,[],,[],0.0,[],,0.0,[],['artifact'],[],,,,,,[],,,,,
230,[],0.0,[],0.0,0.0,[],[],['field'],[],[],0.0,3,5,0.0,0.0,[],5.0,['C'],,,0.0,0.0,[],0.0,0.0,1.0,,[],,[],,0.0,[],0.0,1.0,"Golos, Tireless Pilgrim",[],[],Golos_Tireless_Pilgrim,{},,[],3,,"Golos, Tireless Pilgrim",[],rare,[],[],['field'],[],0.0,[],,['scout'],0.0,[],5,0.0,,"['legendary', 'artifact', 'creature']",[],,,,,,[],,,,,
231,[],0.0,[],0.0,0.0,[],[],[],[],[],0.0,,,0.0,0.0,[],1.0,['C'],,,0.0,0.0,[],0.0,0.0,1.0,,[],,[],,0.0,[],0.0,1.0,Grafdigger's Cage,[],[],Grafdiggers_Cage,{},,[],,,Grafdigger's Cage,[],rare,[],[],[],[],0.0,[],,[],0.0,[],,0.0,[],['artifact'],[],,,,,[],[],,,,,
232,[],0.0,[],0.0,0.0,[],[],['field'],[],[],0.0,,,0.0,0.0,[],2.0,['C'],,,0.0,0.0,[],0.0,0.0,1.0,,[],,[],,0.0,[],0.0,1.0,Heartpiercer Bow,[],[],Heartpiercer_Bow,{},,[],,,Heartpiercer Bow,[],common,[],[],['field'],[],0.0,[],,['equipment'],0.0,[],,0.0,,['artifact'],[],,,,,,[],,,,,
233,[],0.0,[],0.0,0.0,[],"['field', 'field']",[],[],[],0.0,,,0.0,0.0,[],3.0,['C'],,,0.0,0.0,[],0.0,0.0,1.0,,[],,[],,0.0,[],0.0,1.0,Icon of Ancestry,[],,Icon_of_Ancestry,{},,[],,,Icon of Ancestry,[],rare,[],"['field', 'field']",[],[],0.0,[],,[],0.0,[],,0.0,[],['artifact'],[],,,,,,[],,,,,
234,[],0.0,[],0.0,0.0,[],[],[],[],[],0.0,,,0.0,0.0,[],1.0,['C'],,,0.0,0.0,[],0.0,0.0,1.0,,[],,[],,0.0,[],0.0,1.0,Manifold Key,[],[],Manifold_Key,{},,[],,,Manifold Key,[],uncommon,[],[],[],[],0.0,[],,[],0.0,[],,0.0,[],['artifact'],[],,,,,,[],,,,,
235,[],0.0,[],0.0,0.0,[],[],[],[],[],0.0,,,0.0,0.0,[],2.0,['C'],,,0.0,0.0,[],0.0,0.0,1.0,,[],,[],,0.0,[],0.0,1.0,Marauders Axe,[],[],Marauders_Axe,{},,[],,,Marauders Axe,[],common,[],[],[],[],0.0,[],,['equipment'],0.0,[],,0.0,[],['artifact'],[],,,,,,[],,,,,
236,[],0.0,[],0.0,0.0,[],[],['field'],[],[],0.0,3,3,0.0,0.0,[],7.0,['C'],,,0.0,0.0,[],0.0,0.0,1.0,,[],,[],,0.0,[],0.0,1.0,Meteor Golem,[],[],Meteor_Golem,{},,[],3,,Meteor Golem,[],uncommon,[],[],['field'],[],0.0,[],,['golem'],0.0,[],3,0.0,,"['artifact', 'creature']",[],,,,,[],[],,,,,
237,[],0.0,[],0.0,0.0,[],['field'],[],[],[],0.0,,,0.0,0.0,[],4.0,['C'],,,0.0,0.0,[],0.0,0.0,1.0,,[],,[],,0.0,[],0.0,1.0,Mystic Forge,[],,Mystic_Forge,{},,[],,,Mystic Forge,[],rare,[],['field'],[],[],0.0,[],,[],0.0,[],,0.0,[],['artifact'],[],,,,,,[],,,,,
238,[],0.0,[],0.0,0.0,[],[],['field'],[],[],0.0,3,3,0.0,0.0,[],4.0,['C'],,,0.0,0.0,[],0.0,0.0,1.0,,[],,[],,0.0,[],0.0,1.0,Pattern Matcher,[],[],Pattern_Matcher,{},,[],3,,Pattern Matcher,[],uncommon,[],[],['field'],[],0.0,[],,['golem'],0.0,[],3,0.0,,"['artifact', 'creature']",[],,,,,[],[],,,,,
239,[],0.0,[],0.0,0.0,[],[],[],[],[],0.0,2,1,0.0,0.0,[],2.0,['C'],,,0.0,0.0,[],0.0,0.0,1.0,,[],,[],,0.0,[],0.0,1.0,Prismite,[],[],Prismite,{},,[],2,,Prismite,[],common,[],[],[],[],0.0,[],,['golem'],0.0,[],1,0.0,[],"['artifact', 'creature']",[],,,,,[],[],,,,,
240,[],0.0,[],0.0,0.0,[],[],['field'],[],[],0.0,,,0.0,0.0,[],3.0,['C'],,,0.0,0.0,[],0.0,0.0,1.0,,[],,[],,0.0,[],0.0,1.0,Retributive Wand,[],[],Retributive_Wand,{},,[],,,Retributive Wand,[],uncommon,[],[],['field'],[],0.0,[],,[],0.0,[],,0.0,,['artifact'],[],,,,,,[],,,,,
241,[],0.0,[],0.0,0.0,[],[],[],[],[],0.0,2,1,0.0,0.0,[],3.0,['C'],,,0.0,0.0,[],0.0,0.0,1.0,,[],,[],,0.0,[],0.0,1.0,Salvager of Ruin,[],[],Salvager_of_Ruin,{},,[],2,,Salvager of Ruin,[],uncommon,[],[],[],[],0.0,[],,['construct'],0.0,[],1,0.0,[],"['artifact', 'creature']",[],,,,,,[],,,,,
242,[],0.0,[],0.0,0.0,[],[],[],[],[],0.0,2,2,0.0,0.0,[],3.0,['C'],,,0.0,0.0,[],0.0,0.0,1.0,,[],,[],,0.0,[],0.0,1.0,Scuttlemutt,[],[],Scuttlemutt,{},,"[{'U': 1}, {'G': 1}, {'B': 1}, {'R': 1}, {'W': 1}]",2,,Scuttlemutt,[],uncommon,[],[],[],[],0.0,[],,['scarecrow'],0.0,[],2,0.0,[],"['artifact', 'creature']",[],,,,,,,,,,,
243,[],0.0,[],0.0,0.0,[],[],[],[],[],0.0,1,1,0.0,0.0,[],2.0,['C'],,,0.0,0.0,[],0.0,0.0,1.0,,[],,[],,0.0,[],0.0,1.0,Steel Overseer,[],[],Steel_Overseer,{},,[],1,,Steel Overseer,[],rare,[],[],[],[],0.0,[],,['construct'],0.0,[],1,0.0,[],"['artifact', 'creature']",[],,,,,,[],,,,,
244,[],0.0,[],0.0,0.0,[],[],[],[],[],0.0,4,4,0.0,0.0,[],5.0,['C'],,,0.0,0.0,[],0.0,0.0,1.0,,[],,[],,0.0,[],0.0,1.0,Stone Golem,[],[],Stone_Golem,{},,[],4,,Stone Golem,[],common,[],[],[],[],0.0,[],,['golem'],0.0,[],4,0.0,[],"['artifact', 'creature']",[],,,,,[],[],,,,,
245,[],0.0,[],0.0,0.0,[],[],[],[],[],0.0,,,0.0,0.0,[],2.0,['C'],,,0.0,0.0,[],0.0,0.0,1.0,,[],,[],,0.0,[],0.0,1.0,Vial of Dragonfire,[],[],Vial_of_Dragonfire,{},,[],,,Vial of Dragonfire,[],common,[],[],[],[],0.0,[],,[],0.0,[],,0.0,[],['artifact'],[],,,,,,[],,,,,
246,[],0.0,[],0.0,0.0,[],[],['field'],[],[],0.0,,,0.0,0.0,[],0.0,['C'],,,0.0,0.0,[],0.0,0.0,1.0,,['etb_tapped'],,[],,1.0,[],0.0,1.0,Bloodfell Caves,[],[],Bloodfell_Caves,{},,"[{'B': 1}, {'R': 1}]",,,Bloodfell Caves,[],common,[],[],['field'],[],0.0,[],,[],0.0,[],,0.0,,['land'],[],,,,,,,,,,,
247,[],0.0,[],0.0,0.0,[],[],['field'],[],[],0.0,,,0.0,0.0,[],0.0,['C'],,,0.0,0.0,[],0.0,0.0,1.0,,['etb_tapped'],,[],,1.0,[],0.0,1.0,Blossoming Sands,[],[],Blossoming_Sands,{},,"[{'G': 1}, {'W': 1}]",,,Blossoming Sands,[],common,[],[],['field'],[],0.0,[],,[],0.0,[],,0.0,,['land'],[],,,,,,,,,,,
248,[],0.0,[],0.0,0.0,[],[],[],[],[],0.0,,,0.0,0.0,[],0.0,['C'],,,0.0,0.0,[],0.0,0.0,1.0,,[],,[],,1.0,[],0.0,1.0,Cryptic Caves,[],[],Cryptic_Caves,{},,[{'C': 1}],,,Cryptic Caves,[],uncommon,[],[],[],[],0.0,[],,[],0.0,[],,0.0,[],['land'],[],,,,,,,,,,,
249,[],0.0,[],0.0,0.0,[],[],['field'],[],[],0.0,,,0.0,0.0,[],0.0,['C'],,,0.0,0.0,[],0.0,0.0,1.0,,['etb_tapped'],,[],,1.0,[],0.0,1.0,Dismal Backwater,[],[],Dismal_Backwater,{},,"[{'B': 1}, {'U': 1}]",,,Dismal Backwater,[],common,[],[],['field'],[],0.0,[],,[],0.0,[],,0.0,,['land'],[],,,,,,,,,,,
250,[],0.0,[],0.0,0.0,[],[],[],[],[],0.0,,,0.0,0.0,[],0.0,['C'],,,0.0,0.0,[],0.0,0.0,1.0,,[],,[],,1.0,[],0.0,1.0,Evolving Wilds,[],[],Evolving_Wilds,{},,[],,,Evolving Wilds,[],common,[],[],[],[],0.0,[],,[],0.0,[],,0.0,[],['land'],[],,,,,,[],,,,,
251,[],0.0,[],0.0,0.0,[],[],['field'],[],[],0.0,,,0.0,0.0,[],0.0,['C'],,,0.0,0.0,[],0.0,0.0,1.0,,['etb_tapped'],,[],,1.0,[],0.0,1.0,Field of the Dead,[],[],Field_of_the_Dead,{},,[{'C': 1}],,,Field of the Dead,[],rare,[],[],['field'],[],0.0,[],,[],0.0,[],,0.0,,['land'],[],,,,,,,,,,,
252,[],0.0,[],0.0,0.0,[],[],['field'],[],[],0.0,,,0.0,0.0,[],0.0,['C'],,,0.0,0.0,[],0.0,0.0,1.0,,['etb_tapped'],,[],,1.0,[],0.0,1.0,Jungle Hollow,[],[],Jungle_Hollow,{},,"[{'B': 1}, {'G': 1}]",,,Jungle Hollow,[],common,[],[],['field'],[],0.0,[],,[],0.0,[],,0.0,,['land'],[],,,,,,,,,,,
253,[],0.0,[],0.0,0.0,[],[],['field'],[],[],0.0,,,0.0,0.0,[],0.0,['C'],,,0.0,0.0,[],0.0,0.0,1.0,,['etb_tapped'],,[],,1.0,[],0.0,1.0,Lotus Field,[],[],Lotus_Field,{},,"[{'U': 3}, {'G': 3}, {'B': 3}, {'R': 3}, {'W': 3}]",,,Lotus Field,[],rare,[],[],['field'],[],0.0,[],,[],0.0,[],,0.0,,['land'],[],,,,,,,,,,,
254,[],0.0,[],0.0,0.0,[],[],['field'],[],[],0.0,,,0.0,0.0,[],0.0,['C'],,,0.0,0.0,[],0.0,0.0,1.0,,['etb_tapped'],,[],,1.0,[],0.0,1.0,Rugged Highlands,[],[],Rugged_Highlands,{},,"[{'G': 1}, {'R': 1}]",,,Rugged Highlands,[],common,[],[],['field'],[],0.0,[],,[],0.0,[],,0.0,,['land'],[],,,,,,,,,,,
255,[],0.0,[],0.0,0.0,[],[],['field'],[],[],0.0,,,0.0,0.0,[],0.0,['C'],,,0.0,0.0,[],0.0,0.0,1.0,,['etb_tapped'],,[],,1.0,[],0.0,1.0,Scoured Barrens,[],[],Scoured_Barrens,{},,"[{'B': 1}, {'W': 1}]",,,Scoured Barrens,[],common,[],[],['field'],[],0.0,[],,[],0.0,[],,0.0,,['land'],[],,,,,,,,,,,
256,[],0.0,[],0.0,0.0,[],[],['field'],[],[],0.0,,,0.0,0.0,[],0.0,['C'],,,0.0,0.0,[],0.0,0.0,1.0,,['etb_tapped'],,[],,1.0,[],0.0,1.0,Swiftwater Cliffs,[],[],Swiftwater_Cliffs,{},,"[{'R': 1}, {'U': 1}]",,,Swiftwater Cliffs,[],common,[],[],['field'],[],0.0,[],,[],0.0,[],,0.0,,['land'],[],,,,,,,,,,,
257,[],0.0,[],0.0,0.0,[],[],['field'],[],[],0.0,,,0.0,0.0,[],0.0,['C'],,,0.0,0.0,[],0.0,0.0,1.0,,['etb_tapped'],,[],,1.0,[],0.0,1.0,Temple of Epiphany,[],[],Temple_of_Epiphany,{},,"[{'R': 1}, {'U': 1}]",,,Temple of Epiphany,[],rare,[],[],['field'],[],0.0,[],,[],0.0,[],,0.0,,['land'],[],,,,,,,,,,,
258,[],0.0,[],0.0,0.0,[],[],['field'],[],[],0.0,,,0.0,0.0,[],0.0,['C'],,,0.0,0.0,[],0.0,0.0,1.0,,['etb_tapped'],,[],,1.0,[],0.0,1.0,Temple of Malady,[],[],Temple_of_Malady,{},,"[{'B': 1}, {'G': 1}]",,,Temple of Malady,[],rare,[],[],['field'],[],0.0,[],,[],0.0,[],,0.0,,['land'],[],,,,,,,,,,,
259,[],0.0,[],0.0,0.0,[],[],['field'],[],[],0.0,,,0.0,0.0,[],0.0,['C'],,,0.0,0.0,[],0.0,0.0,1.0,,['etb_tapped'],,[],,1.0,[],0.0,1.0,Temple of Mystery,[],[],Temple_of_Mystery,{},,"[{'G': 1}, {'U': 1}]",,,Temple of Mystery,[],rare,[],[],['field'],[],0.0,[],,[],0.0,[],,0.0,,['land'],[],,,,,,,,,,,
260,[],0.0,[],0.0,0.0,[],[],['field'],[],[],0.0,,,0.0,0.0,[],0.0,['C'],,,0.0,0.0,[],0.0,0.0,1.0,,['etb_tapped'],,[],,1.0,[],0.0,1.0,Temple of Silence,[],[],Temple_of_Silence,{},,"[{'B': 1}, {'W': 1}]",,,Temple of Silence,[],rare,[],[],['field'],[],0.0,[],,[],0.0,[],,0.0,,['land'],[],,,,,,,,,,,
261,[],0.0,[],0.0,0.0,[],[],['field'],[],[],0.0,,,0.0,0.0,[],0.0,['C'],,,0.0,0.0,[],0.0,0.0,1.0,,['etb_tapped'],,[],,1.0,[],0.0,1.0,Temple of Triumph,[],[],Temple_of_Triumph,{},,"[{'R': 1}, {'W': 1}]",,,Temple of Triumph,[],rare,[],[],['field'],[],0.0,[],,[],0.0,[],,0.0,,['land'],[],,,,,,,,,,,
262,[],0.0,[],0.0,0.0,[],[],['field'],[],[],0.0,,,0.0,0.0,[],0.0,['C'],,,0.0,0.0,[],0.0,0.0,1.0,,['etb_tapped'],,[],,1.0,[],0.0,1.0,Thornwood Falls,[],[],Thornwood_Falls,{},,"[{'G': 1}, {'U': 1}]",,,Thornwood Falls,[],common,[],[],['field'],[],0.0,[],,[],0.0,[],,0.0,,['land'],[],,,,,,,,,,,
263,[],0.0,[],0.0,0.0,[],[],['field'],[],[],0.0,,,0.0,0.0,[],0.0,['C'],,,0.0,0.0,[],0.0,0.0,1.0,,['etb_tapped'],,[],,1.0,[],0.0,1.0,Tranquil Cove,[],[],Tranquil_Cove,{},,"[{'U': 1}, {'W': 1}]",,,Tranquil Cove,[],common,[],[],['field'],[],0.0,[],,[],0.0,[],,0.0,,['land'],[],,,,,,,,,,,
264,[],0.0,[],0.0,0.0,[],[],['field'],[],[],0.0,,,0.0,0.0,[],0.0,['C'],,,0.0,0.0,[],0.0,0.0,1.0,,['etb_tapped'],,[],,1.0,[],0.0,1.0,Wind-Scarred Crag,[],[],Windscarred_Crag,{},,"[{'R': 1}, {'W': 1}]",,,Wind-Scarred Crag,[],common,[],[],['field'],[],0.0,[],,[],0.0,[],,0.0,,['land'],[],,,,,,,,,,,
